Date,s_p_500,Dow_Jones,Nasdaq,Alphabet,Apple,Microsoft,Facebook,Tesla,Amazon,Vix
11/24/17,2602.419922,23557.99023,6889.160156,1040.609985,41.752205,79.80526,182.779999,63.110001,1186,9.67
11/27/17,2601.419922,23580.7793,6878.52002,1054.209961,41.542213,80.389946,183.029999,63.362,1195.829956,9.87
11/28/17,2627.040039,23836.71094,6912.359863,1047.410034,41.29882,81.358047,182.419998,63.509998,1193.599976,10.03
11/29/17,2626.070068,23940.67969,6824.390137,1021.659973,40.442158,79.881935,175.130005,61.507999,1161.27002,10.7
11/30/17,2647.580078,24272.34961,6873.970215,1021.409973,41.007694,80.677505,177.179993,61.77,1176.75,11.28
12/1/17,2642.219971,24231.58984,6847.589844,1010.169983,40.816795,80.763763,175.100006,61.306,1162.349976,11.43
12/4/17,2639.439941,24290.05078,6775.370117,998.679993,40.518509,77.715721,171.470001,61.040001,1133.949951,11.68
12/5/17,2629.570068,24180.64063,6762.209961,1005.150024,40.480331,78.204544,172.830002,60.740002,1141.569946,11.33
12/6/17,2629.27002,24140.91016,6776.379883,1018.380005,40.330002,79.345169,176.059998,62.652,1152.349976,11.02
12/7/17,2636.97998,24211.48047,6812.839844,1030.930054,40.40398,79.0672,180.139999,62.248001,1159.790039,10.16
12/8/17,2651.5,24329.16016,6840.080078,1037.050049,40.415905,80.667915,179,63.026001,1162,9.58
12/11/17,2659.98999,24386.0293,6875.080078,1041.099976,41.203369,81.693512,179.039993,65.781998,1168.920044,9.34
12/12/17,2664.110107,24504.80078,6862.319824,1040.47998,40.971901,82.028992,176.960007,68.206001,1165.079956,9.92
12/13/17,2662.850098,24585.42969,6875.799805,1040.609985,41.107918,81.808533,178.300003,67.806,1164.130005,10.18
12/14/17,2652.01001,24508.66016,6856.529785,1049.150024,41.095985,81.175919,178.389999,67.578003,1174.26001,10.49
12/15/17,2675.810059,24651.74023,6936.580078,1064.189941,41.513584,83.2463,180.179993,68.690002,1179.140015,9.42
12/18/17,2690.159912,24792.19922,6994.759766,1077.140015,42.098209,82.795799,180.820007,67.774002,1190.579956,9.53
12/19/17,2681.469971,24754.75,6963.850098,1070.680054,41.649593,82.268616,179.509995,66.220001,1187.380005,10.03
12/20/17,2679.25,24726.65039,6960.959961,1064.949951,41.604263,81.971489,177.889999,65.795998,1177.619995,9.72
12/21/17,2684.570068,24782.28906,6965.359863,1063.630005,41.761749,81.952309,177.449997,66.332001,1174.76001,9.62
12/22/17,2683.340088,24754.06055,6959.959961,1060.119995,41.761749,81.961891,177.199997,65.040001,1168.359985,9.9
12/26/17,2680.5,24746.21094,6936.25,1056.73999,40.702259,81.856468,175.990005,63.458,1176.76001,10.25
12/27/17,2682.620117,24774.30078,6939.339844,1049.369995,40.709415,82.153587,177.619995,62.327999,1182.26001,10.47
12/28/17,2687.540039,24837.50977,6950.160156,1048.140015,40.823956,82.163185,177.919998,63.071999,1186.099976,10.18
12/29/17,2673.610107,24719.2207,6903.390137,1046.400024,40.382496,81.990669,176.460007,62.27,1169.469971,11.04
1/2/18,2695.810059,24824.00977,7006.899902,1065,41.105534,82.383636,181.419998,64.106003,1189.01001,9.77
1/3/18,2713.060059,24922.67969,7065.529785,1082.47998,41.098373,82.767044,184.669998,63.450001,1204.199951,9.15
1/4/18,2723.98999,25075.13086,7077.910156,1086.400024,41.289268,83.495522,184.330002,62.924,1209.589966,9.22
1/5/18,2743.149902,25295.86914,7136.560059,1102.22998,41.759361,84.530701,186.850006,63.316002,1229.140015,9.22
1/8/18,2747.709961,25283,7157.390137,1106.939941,41.604263,84.616966,188.279999,67.281998,1246.869995,9.52
1/9/18,2751.290039,25385.80078,7163.580078,1106.26001,41.599483,84.559456,187.869995,66.737999,1252.699951,10.08
1/10/18,2748.22998,25369.13086,7153.569824,1102.609985,41.589939,84.176056,187.839996,66.959999,1254.329956,9.82
1/11/18,2767.560059,25574.73047,7211.779785,1105.52002,41.826172,84.425262,187.770004,67.589996,1276.680054,9.88
1/12/18,2786.23999,25803.18945,7261.060059,1122.26001,42.258091,85.882187,179.369995,67.244003,1305.199951,10.16
1/16/18,2776.419922,25792.85938,7223.689941,1121.76001,42.043327,84.684052,178.389999,68.012001,1304.859985,11.66
1/17/18,2802.560059,26115.65039,7298.279785,1131.97998,42.737732,86.39978,177.600006,69.431999,1295,11.91
1/18/18,2798.030029,26017.81055,7296.049805,1129.790039,42.775909,86.36145,179.800003,68.914001,1293.319946,12.22
1/19/18,2810.300049,26071.7207,7336.379883,1137.51001,42.585007,86.265594,181.289993,70.003998,1294.579956,11.27
1/22/18,2832.969971,26214.59961,7408.029785,1155.810059,42.236618,87.808777,185.369995,70.311996,1327.310059,11.03
1/23/18,2839.129883,26210.81055,7460.290039,1169.969971,42.246162,88.086754,189.350006,70.557999,1362.540039,11.1
1/24/18,2837.540039,26252.11914,7415.060059,1164.23999,41.573235,88.010063,186.550003,69.178001,1357.51001,11.47
1/25/18,2839.25,26392.78906,7411.160156,1170.369995,40.831116,88.498917,187.479996,67.528,1377.949951,11.58
1/26/18,2872.870117,26616.71094,7505.77002,1175.839966,40.926556,90.157143,190,68.57,1402.050049,11.08
1/29/18,2853.530029,26439.48047,7466.509766,1175.579956,40.079441,90.022942,185.979996,69.905998,1417.680054,13.84
1/30/18,2822.429932,26076.89063,7402.47998,1163.689941,39.843208,88.891899,187.119995,69.164001,1437.819946,14.79
1/31/18,2823.810059,26149.39063,7411.47998,1169.939941,39.952976,91.067711,186.889999,70.862,1450.890015,13.54
2/1/18,2821.97998,26186.71094,7385.859863,1167.699951,40.036499,90.348839,193.089996,69.849998,1390,13.47
2/2/18,2762.129883,25520.96094,7240.950195,1111.900024,38.299297,87.971733,190.279999,68.75,1429.949951,17.309999
2/5/18,2648.939941,24345.75,6967.529785,1055.800049,37.342411,84.348587,181.259995,66.625999,1390,37.32
2/6/18,2695.139893,24912.76953,7115.879883,1080.599976,38.903019,87.540405,185.309998,66.793999,1442.839966,29.98
2/7/18,2681.659912,24893.34961,7051.97998,1048.579956,38.070225,85.891769,180.179993,69,1416.780029,27.73
2/8/18,2581,23860.46094,6777.160156,1001.52002,37.022659,81.482643,171.580002,63.046001,1350.5,33.459999
2/9/18,2619.550049,24190.90039,6874.490234,1037.780029,37.475502,84.521103,176.110001,62.084,1339.599976,29.059999
2/12/18,2656,24601.26953,6981.959961,1051.939941,38.984966,85.431679,176.410004,63.146,1386.22998,25.610001
2/13/18,2662.939941,24640.44922,7013.509766,1052.099976,39.375507,86.102661,173.149994,64.732002,1414.51001,24.969999
2/14/18,2698.629883,24893.49023,7143.620117,1069.699951,40.101486,87.450859,179.520004,64.461998,1451.050049,19.26
2/15/18,2731.199951,25200.36914,7256.430176,1089.52002,41.448032,89.23243,179.960007,66.814003,1461.76001,19.129999
2/16/18,2732.219971,25219.38086,7239.470215,1094.800049,41.313858,88.596848,177.360001,67.098,1448.689941,19.459999
2/20/18,2716.26001,24964.75,7234.310059,1102.459961,41.174889,89.290207,176.009995,66.954002,1468.349976,20.6
2/21/18,2701.330078,24797.7793,7218.22998,1111.339966,40.988007,88.105705,177.910004,66.660004,1482.920044,20.02
2/22/18,2703.959961,24962.48047,7210.089844,1106.630005,41.330627,88.336838,178.990005,69.234001,1485.339966,18.719999
2/23/18,2747.300049,25309.99023,7337.390137,1126.790039,42.049423,90.580643,183.289993,70.410004,1500,16.49
2/26/18,2779.600098,25709.26953,7421.459961,1143.75,42.880825,91.89032,184.929993,71.484001,1521.949951,15.8
2/27/18,2744.280029,25410.0293,7330.350098,1118.290039,42.741859,90.715469,181.460007,70.197998,1511.97998,18.59
2/28/18,2713.830078,25029.19922,7273.009766,1104.72998,42.67717,90.301384,178.320007,68.612,1512.449951,19.85
3/1/18,2677.669922,24608.98047,7180.560059,1069.52002,41.929619,89.415398,175.940002,66.185997,1493.449951,22.469999
3/2/18,2691.25,24538.06055,7257.870117,1078.920044,42.219536,89.608009,176.619995,67.024002,1500.25,19.59
3/5/18,2720.939941,24874.75977,7330.709961,1090.930054,42.365692,90.176186,180.399994,66.669998,1523.609985,18.73
3/6/18,2728.120117,24884.11914,7372.009766,1095.060059,42.32975,89.868011,179.779999,65.639999,1537.640015,18.360001
3/7/18,2726.800049,24801.35938,7396.649902,1109.640015,41.936813,90.388046,183.710007,66.459999,1545,17.76
3/8/18,2738.969971,24895.21094,7427.950195,1126,42.39444,90.936951,182.339996,65.82,1551.859985,16.540001
3/9/18,2786.570068,25335.74023,7560.810059,1160.040039,43.12281,92.968887,185.229996,65.433998,1578.890015,14.64
3/12/18,2783.02002,25178.60938,7588.319824,1164.5,43.539719,93.190392,184.759995,69.101997,1598.390015,15.78
3/13/18,2765.310059,25007.0293,7511.009766,1138.170044,43.120422,90.917709,181.880005,68.367996,1588.180054,16.35
3/14/18,2749.47998,24758.11914,7496.810059,1149.48999,42.753838,90.37841,184.190002,65.325996,1591,17.23
3/15/18,2747.330078,24873.66016,7481.740234,1149.579956,42.804153,90.696205,183.860001,65.120003,1582.319946,16.59
3/16/18,2752.01001,24946.50977,7481.990234,1135.72998,42.653206,91.10067,185.089996,64.269997,1571.680054,15.8
3/19/18,2712.919922,24610.91016,7344.240234,1099.819946,42.001507,89.453911,172.559998,62.712002,1544.930054,19.02
3/20/18,2716.939941,24727.26953,7364.299805,1097.709961,41.987125,89.685036,168.149994,62.110001,1586.51001,18.200001
3/21/18,2711.929932,24682.31055,7345.290039,1090.880005,41.035923,89.05909,169.389999,63.306,1581.859985,17.860001
3/22/18,2643.689941,23957.89063,7166.680176,1049.079956,40.456093,86.468597,164.889999,61.82,1544.920044,23.34
3/23/18,2588.26001,23533.19922,6992.669922,1021.570007,39.519264,83.955154,159.389999,60.307999,1495.560059,24.870001
3/26/18,2658.550049,24202.59961,7220.540039,1053.209961,41.395329,90.310989,160.059998,60.835999,1555.859985,21.030001
3/27/18,2612.620117,23857.71094,7008.810059,1005.099976,40.333897,86.160439,152.220001,55.835999,1497.050049,22.5
3/28/18,2605,23848.41992,6949.22998,1004.559998,39.888248,86.083389,153.029999,51.556,1431.420044,22.870001
3/29/18,2640.870117,24103.10938,7063.450195,1031.790039,40.199734,87.893845,159.789993,53.226002,1447.339966,19.969999
4/2/18,2581.879883,23644.18945,6870.120117,1006.469971,39.936165,85.245575,155.389999,50.495998,1371.98999,23.620001
4/3/18,2614.449951,24033.35938,6941.279785,1013.409973,40.345882,86.391548,156.110001,53.506001,1392.050049,21.1
4/4/18,2644.689941,24264.30078,7042.109863,1025.140015,41.117386,88.914635,155.100006,57.388,1410.569946,20.059999
4/5/18,2662.840088,24505.2207,7076.549805,1027.810059,41.402504,88.962784,159.339996,61.144001,1451.75,18.940001
4/6/18,2604.469971,23932.75977,6915.109863,1007.039978,40.343491,86.892326,157.199997,59.860001,1405.22998,21.49
4/9/18,2613.159912,23979.09961,6950.339844,1015.450012,40.743618,87.412331,157.929993,57.931999,1406.079956,21.77
4/10/18,2656.870117,24408,7094.299805,1031.640015,41.510326,89.44429,165.039993,60.939999,1436.219971,20.469999
4/11/18,2642.189941,24189.44922,7069.029785,1019.969971,41.316246,88.462013,166.320007,60.186001,1427.050049,20.24
4/12/18,2663.98999,24483.05078,7140.25,1032.51001,41.723564,90.118393,163.869995,58.816002,1448.5,18.49
4/13/18,2656.300049,24360.14063,7106.649902,1029.27002,41.864929,89.636894,164.520004,60.068001,1430.790039,17.41
4/16/18,2677.840088,24573.03906,7156.279785,1037.97998,42.126099,90.686562,164.830002,58.242001,1441.5,16.559999
4/17/18,2706.389893,24786.63086,7281.100098,1074.160034,42.705917,92.516273,168.660004,57.537998,1503.829956,15.25
4/18/18,2708.639893,24748.07031,7295.240234,1072.079956,42.610077,92.872604,166.360001,58.669998,1527.839966,15.6
4/19/18,2693.129883,24664.89063,7238.060059,1087.699951,41.402504,92.554802,168.100006,60.015999,1556.910034,15.96
4/20/18,2670.139893,24462.93945,7146.129883,1072.959961,39.70615,91.485863,166.279999,58.048,1527.48999,16.879999
4/23/18,2670.290039,24448.68945,7128.600098,1067.449951,39.591145,91.822914,165.839996,56.674,1517.859985,16.34
4/24/18,2634.560059,24024.13086,7007.350098,1019.97998,39.040077,89.675407,159.690002,56.692001,1460.089966,18.02
4/25/18,2639.399902,24083.83008,7003.740234,1021.179993,39.210178,88.89537,159.690002,56.138,1460.170044,17.84
4/26/18,2666.939941,24322.33984,7118.680176,1040.040039,39.346756,90.773247,174.160004,57.096001,1517.959961,16.24
4/27/18,2669.909912,24311.18945,7119.799805,1030.050049,38.891525,92.275536,173.589996,58.816002,1572.619995,15.41
4/30/18,2648.050049,24163.15039,7066.27002,1017.330017,39.595936,90.060593,172,58.779999,1566.130005,15.93
5/1/18,2654.800049,24099.05078,7130.700195,1037.310059,40.515991,91.485863,173.860001,59.984001,1582.26001,15.49
5/2/18,2635.669922,23924.98047,7100.899902,1024.380005,42.30579,90.050987,176.070007,60.23,1569.680054,15.97
5/3/18,2629.72998,23930.15039,7088.149902,1023.719971,42.382462,90.590263,174.020004,56.889999,1572.079956,15.9
5/4/18,2663.419922,24262.50977,7209.620117,1048.209961,44.045269,91.639946,176.610001,58.818001,1580.949951,14.77
5/7/18,2672.629883,24357.32031,7265.209961,1054.790039,44.363937,92.660728,177.970001,60.554001,1600.140015,14.75
5/8/18,2671.919922,24360.21094,7266.899902,1053.910034,44.577183,92.2659,178.919998,60.394001,1592.390015,14.71
5/9/18,2697.790039,24542.53906,7339.910156,1082.76001,44.891052,93.354095,182.660004,61.369999,1608,13.42
5/10/18,2723.070068,24739.5293,7404.970215,1097.569946,45.533169,94.288223,185.529999,61.004002,1609.079956,13.23
5/11/18,2727.719971,24831.16992,7402.879883,1098.26001,45.360001,94.085976,186.990005,60.212002,1602.910034,12.65
5/14/18,2730.129883,24899.41016,7411.319824,1100.199951,45.254173,94.403786,186.639999,58.394001,1601.540039,12.93
5/15/18,2711.449951,24706.41016,7351.629883,1079.22998,44.842876,93.720055,184.320007,56.835999,1576.119995,14.63
5/16/18,2722.459961,24768.92969,7398.299805,1081.77002,45.261387,93.961853,183.199997,57.296001,1587.280029,13.42
5/17/18,2720.129883,24713.98047,7382.470215,1078.589966,44.975166,93.023682,183.759995,56.908001,1581.76001,13.43
5/18/18,2712.969971,24715.08984,7354.339844,1066.359985,44.811604,93.197762,182.679993,55.363998,1574.369995,13.42
5/21/18,2733.01001,25013.28906,7394.040039,1079.579956,45.129101,94.397079,184.490005,56.897999,1585.459961,13.08
5/22/18,2724.439941,24834.41016,7378.459961,1069.72998,45.016052,94.300346,183.800003,55.001999,1581.400024,13.22
5/23/18,2733.290039,24886.81055,7425.959961,1079.689941,45.30468,95.422295,186.899994,55.813999,1601.859985,12.58
5/24/18,2727.76001,24811.75977,7424.430176,1079.23999,45.254173,95.083778,185.929993,55.57,1603.069946,12.53
5/25/18,2721.330078,24753.08984,7433.850098,1075.660034,45.357594,95.132141,184.919998,55.77,1610.150024,13.22
5/29/18,2689.860107,24361.44922,7396.589844,1060.319946,45.194038,94.79361,185.740005,56.751999,1612.869995,17.02
5/30/18,2724.01001,24667.7793,7462.450195,1067.800049,45.097832,95.702774,187.669998,58.344002,1624.890015,14.94
5/31/18,2705.27002,24415.83984,7442.120117,1084.98999,44.946297,95.59639,191.779999,56.945999,1629.619995,15.43
6/1/18,2734.620117,24635.21094,7554.330078,1119.5,45.756855,97.482384,193.990005,58.363998,1641.540039,13.46
6/4/18,2746.870117,24813.68945,7606.459961,1139.290039,46.139286,98.333511,193.279999,59.348,1665.27002,12.74
6/5/18,2748.800049,24799.98047,7637.859863,1139.660034,46.495258,98.836456,192.940002,58.226002,1696.349976,12.4
6/6/18,2772.350098,25146.39063,7689.240234,1136.880005,46.656406,99.126595,191.339996,63.900002,1695.75,11.64
6/7/18,2770.370117,25241.41016,7635.069824,1123.859985,46.531342,97.569443,188.179993,63.217999,1689.300049,12.13
6/8/18,2779.030029,25316.5293,7645.509766,1120.869995,46.108013,98.294823,189.100006,63.532001,1683.98999,12.18
6/11/18,2782,25322.31055,7659.930176,1129.98999,45.99498,97.733849,191.539993,66.419998,1689.119995,12.35
6/12/18,2786.850098,25320.73047,7703.790039,1139.319946,46.24752,97.985329,192.399994,68.554001,1698.75,12.34
6/13/18,2775.629883,25201.19922,7695.700195,1134.790039,45.8675,97.540421,192.410004,68.956001,1704.859985,12.94
6/14/18,2782.48999,25175.31055,7761.040039,1152.119995,45.891548,98.091713,196.809998,71.543999,1723.859985,12.12
6/15/18,2779.659912,25090.48047,7746.379883,1152.26001,45.420128,96.84404,195.850006,71.634003,1715.969971,11.98
6/18/18,2773.75,24987.4707,7747.029785,1173.459961,45.396076,97.550117,198.309998,74.166,1723.790039,12.31
6/19/18,2762.590088,24700.21094,7725.589844,1168.060059,44.662479,97.550117,197.490005,70.510002,1734.780029,13.35
6/20/18,2767.320068,24657.80078,7781.509766,1169.839966,44.857311,98.526955,202,72.444,1750.079956,12.79
6/21/18,2749.76001,24461.69922,7712.950195,1157.660034,44.607166,97.820908,201.5,69.501999,1730.219971,14.64
6/22/18,2754.879883,24580.89063,7692.819824,1155.47998,44.47728,97.114868,201.740005,66.725998,1715.670044,13.77
6/25/18,2717.070068,24252.80078,7532.009766,1124.810059,43.815849,95.161163,196.350006,66.601997,1663.150024,17.33
6/26/18,2723.060059,24283.10938,7561.629883,1118.459961,44.359432,95.828522,199,68.400002,1691.089966,15.92
6/27/18,2699.629883,24117.58984,7445.080078,1103.97998,44.294491,94.33905,195.839996,68.900002,1660.51001,17.91
6/28/18,2716.310059,24216.05078,7503.680176,1114.219971,44.616791,95.39328,196.229996,69.986,1701.449951,16.85
6/29/18,2718.370117,24271.41016,7510.299805,1115.650024,44.52298,95.37394,194.320007,68.589996,1699.800049,16.09
7/2/18,2726.709961,24307.17969,7567.689941,1127.459961,45.020855,96.728004,197.360001,67.014,1713.780029,15.6
7/3/18,2713.219971,24174.82031,7502.669922,1102.890015,44.236759,95.7995,192.729996,62.172001,1693.959961,16.139999
7/5/18,2736.610107,24356.74023,7586.430176,1124.27002,44.592731,96.486198,198.449997,61.832001,1699.72998,14.97
7/6/18,2759.820068,24456.48047,7688.390137,1140.170044,45.210869,97.840256,203.229996,61.779999,1710.630005,13.37
7/9/18,2784.169922,24776.58984,7756.200195,1154.050049,45.838638,98.507607,204.740005,63.702,1739.02002,12.69
7/10/18,2793.840088,24919.66016,7759.200195,1152.839966,45.783321,98.768738,203.539993,64.494003,1743.069946,12.64
7/11/18,2774.02002,24700.44922,7716.609863,1153.900024,45.189228,98.633339,202.539993,63.792,1755,13.63
7/12/18,2798.290039,24924.89063,7823.919922,1183.47998,45.946865,100.770821,206.919998,63.341999,1796.619995,12.58
7/13/18,2801.310059,25019.41016,7825.97998,1188.819946,46.01902,101.970116,207.320007,63.773998,1813.030029,12.18
7/16/18,2798.429932,25064.35938,7805.720215,1183.859985,45.918007,101.467194,207.229996,62.02,1822.48999,12.83
7/17/18,2809.550049,25119.89063,7855.120117,1198.800049,46.04789,102.473053,209.990005,64.538002,1843.930054,12.06
7/18/18,2815.620117,25199.28906,7854.439941,1195.880005,45.795341,101.670296,209.360001,64.769997,1842.920044,12.1
7/19/18,2804.48999,25064.5,7825.299805,1186.959961,46.151318,100.97393,208.089996,64.045998,1812.969971,12.87
7/20/18,2801.830078,25058.11914,7820.200195,1184.910034,46.045486,102.782555,209.940002,62.716,1813.699951,12.86
7/23/18,2806.97998,25044.28906,7841.870117,1205.5,46.086372,104.426773,210.910004,60.639999,1802,12.62
7/24/18,2820.399902,25241.93945,7840.77002,1248.079956,46.420696,104.126945,214.669998,59.486,1829.23999,12.41
7/25/18,2846.070068,25414.09961,7932.240234,1263.699951,46.858452,107.192909,217.5,61.748001,1863.609985,12.29
7/26/18,2837.439941,25527.07031,7852.180176,1268.329956,46.711735,106.022621,176.259995,61.330002,1808,12.14
7/27/18,2818.820068,25451.06055,7737.419922,1238.5,45.934849,104.146278,174.889999,59.436001,1817.27002,13.03
7/30/18,2802.600098,25306.83008,7630,1219.73999,45.67749,101.912086,171.059998,58.034,1779.219971,14.26
7/31/18,2816.290039,25415.18945,7671.790039,1217.26001,45.768883,102.598785,172.580002,59.627998,1777.439941,12.83
8/1/18,2813.360107,25333.82031,7707.290039,1220.01001,48.46513,102.792229,171.649994,60.167999,1797.170044,13.15
8/2/18,2827.219971,25326.16016,7802.689941,1226.150024,49.881802,104.039886,176.369995,69.907997,1834.329956,12.19
8/3/18,2840.350098,25462.58008,7812.009766,1223.709961,50.026119,104.494476,177.779999,69.634003,1823.290039,11.64
8/6/18,2850.399902,25502.17969,7859.680176,1224.77002,50.285881,104.58152,185.690002,68.398003,1847.75,11.27
8/7/18,2858.449951,25628.91016,7883.660156,1242.219971,49.814457,105.306915,183.809998,75.914001,1862.47998,10.93
8/8/18,2857.699951,25583.75,7888.330078,1245.609985,49.848133,105.896889,185.179993,74.068001,1886.52002,10.85
8/9/18,2853.580078,25509.23047,7891.779785,1249.099976,50.240189,106.070969,183.089996,70.489998,1898.52002,11.27
8/10/18,2833.280029,25313.14063,7839.109863,1237.609985,50.090534,105.422966,180.259995,71.098,1886.300049,13.16
8/13/18,2821.929932,25187.69922,7819.709961,1235.01001,50.413963,104.658897,180.050003,71.281998,1896.199951,14.78
8/14/18,2839.959961,25299.91992,7870.890137,1242.099976,50.626373,105.964584,181.110001,69.528,1919.650024,13.31
8/15/18,2818.370117,25162.41016,7774.120117,1214.380005,50.744648,104.527657,179.529999,67.737999,1882.619995,14.64
8/16/18,2840.689941,25558.73047,7806.52002,1206.48999,51.488045,104.50824,174.699997,67.089996,1886.52002,13.45
8/17/18,2850.129883,25669.32031,7816.330078,1200.959961,52.516258,104.449982,173.800003,61.099998,1882.219971,12.64
8/20/18,2857.050049,25758.68945,7821.009766,1207.77002,52.004566,103.760651,172.5,61.688,1876.709961,12.49
8/21/18,2862.959961,25822.28906,7859.169922,1201.619995,51.903187,102.896538,172.619995,64.379997,1883.420044,12.86
8/22/18,2861.820068,25733.59961,7889.100098,1207.329956,51.905609,103.945107,173.639999,64.328003,1904.900024,12.25
8/23/18,2856.97998,25656.98047,7878.459961,1205.380005,52.011806,104.430565,172.899994,64.019997,1902.900024,12.41
8/24/18,2874.689941,25790.34961,7945.97998,1220.650024,52.173523,105.246117,174.649994,64.564003,1905.390015,11.99
8/27/18,2896.73999,26049.64063,8017.899902,1241.819946,52.603149,106.411194,177.460007,63.854,1927.680054,12.16
8/28/18,2897.52002,26064.01953,8030.040039,1231.150024,53.02795,107.052017,176.259995,62.372002,1932.819946,12.5
8/29/18,2914.040039,26124.57031,8109.689941,1249.300049,53.819626,108.760788,175.899994,61.001999,1998.099976,12.25
8/30/18,2901.129883,25986.91992,8088.359863,1239.119995,54.314426,108.692833,177.639999,60.630001,2002.380005,13.53
8/31/18,2901.52002,25964.82031,8109.540039,1218.189941,54.941982,109.061783,175.729996,60.332001,2012.709961,12.86
9/4/18,2896.719971,25952.48047,8091.25,1197,55.118179,108.459816,171.160004,57.790001,2039.51001,13.16
9/5/18,2888.600098,25974.99023,7995.169922,1186.47998,54.758545,105.333496,167.179993,56.147999,1994.819946,13.91
9/6/18,2878.050049,25995.86914,7922.72998,1171.439941,53.848602,105.576233,162.529999,56.189999,1958.310059,14.65
9/7/18,2871.679932,25916.53906,7902.540039,1164.829956,53.414143,105.061653,163.039993,52.647999,1952.069946,14.88
9/10/18,2877.129883,25857.07031,7924.160156,1164.640015,52.697289,106.197624,164.179993,57.099998,1939.01001,14.16
9/11/18,2887.889893,25971.06055,7972.470215,1177.359985,54.029625,108.003479,165.940002,55.888,1987.150024,13.22
9/12/18,2888.919922,25998.91992,7954.22998,1162.819946,53.358624,108.459816,162,58.108002,1990,13.14
9/13/18,2904.179932,26145.99023,8013.709961,1175.329956,54.647518,109.624908,161.360001,57.891998,1989.869995,12.37
9/14/18,2904.97998,26154.66992,8010.040039,1172.530029,54.027203,110.071526,162.320007,59.040001,1970.189941,12.07
9/17/18,2888.800049,26062.11914,7895.790039,1156.050049,52.588669,108.877296,160.580002,58.967999,1908.030029,13.68
9/18/18,2904.310059,26246.96094,7956.109863,1161.219971,52.67556,109.916176,160.300003,56.992001,1941.050049,12.79
9/19/18,2907.949951,26405.75977,7950.040039,1171.089966,52.706936,108.450096,163.059998,59.804001,1926.420044,11.75
9/20/18,2930.75,26656.98047,8028.22998,1186.869995,53.107605,110.265701,166.020004,59.666,1944.300049,11.8
9/21/18,2929.669922,26743.5,7986.959961,1166.089966,52.535576,110.935631,162.929993,59.82,1915.01001,11.68
9/24/18,2919.370117,26562.05078,7993.25,1173.369995,53.291042,111.333687,165.410004,59.936001,1934.359985,12.2
9/25/18,2915.560059,26492.21094,8007.470215,1184.650024,53.628952,111.120094,164.910004,60.198002,1974.550049,12.42
9/26/18,2905.969971,26385.2793,7990.370117,1180.48999,53.201733,110.663773,166.949997,61.916,1974.849976,12.89
9/27/18,2914,26439.92969,8041.970215,1194.640015,54.295124,111.081276,168.839996,61.504002,2012.97998,12.41
9/28/18,2913.97998,26458.31055,8046.350098,1193.469971,54.485802,111.042427,164.460007,52.953999,2003,12.12
10/1/18,2924.590088,26651.21094,8037.299805,1195.310059,54.852676,112.246353,162.440002,62.139999,2004.359985,12
10/2/18,2923.429932,26773.93945,7999.549805,1200.109985,55.340233,111.799736,159.330002,60.203999,1971.310059,12.05
10/3/18,2925.51001,26828.39063,8025.089844,1202.949951,56.013641,111.819153,162.429993,58.959999,1952.76001,11.61
10/4/18,2901.610107,26627.48047,7879.509766,1168.189941,55.028873,109.5084,158.850006,56.366001,1909.420044,14.22
10/5/18,2885.570068,26447.05078,7788.450195,1157.349976,54.135815,108.867607,157.330002,52.389999,1889.650024,14.82
10/8/18,2884.429932,26486.7793,7735.950195,1148.969971,54.010315,107.624847,157.25,50.112,1864.420044,15.69
10/9/18,2880.340088,26430.57031,7738.02002,1138.819946,54.758545,108.993813,157.899994,52.560001,1870.319946,15.95
10/10/18,2785.679932,25598.74023,7422.049805,1081.219971,52.22179,103.071304,151.380005,51.375999,1755.25,22.959999
10/11/18,2728.370117,25052.83008,7329.060059,1079.319946,51.760784,102.828575,153.350006,50.445999,1719.359985,24.98
10/12/18,2767.129883,25339.99023,7496.890137,1110.079956,53.60965,106.382088,153.740005,51.756001,1788.609985,21.309999
10/15/18,2750.790039,25250.55078,7430.740234,1092.25,52.463158,104.469391,153.520004,51.917999,1760.949951,21.299999
10/16/18,2809.919922,25798.41992,7645.490234,1121.280029,53.619297,107.770477,158.779999,55.318001,1819.959961,17.620001
10/17/18,2809.209961,25706.67969,7642.700195,1115.689941,53.387589,107.488914,159.419998,54.355999,1831.72998,17.4
10/18/18,2768.780029,25379.44922,7485.140137,1087.969971,52.139729,105.343208,154.919998,52.782001,1770.719971,20.059999
10/19/18,2767.780029,25444.33984,7449.029785,1096.459961,52.933823,105.498566,154.050003,52,1764.030029,19.889999
10/22/18,2755.879883,25317.41016,7468.629883,1101.160034,53.257252,106.440323,154.779999,52.189999,1789.300049,19.639999
10/23/18,2740.689941,25191.42969,7437.540039,1103.689941,53.759293,104.954857,154.389999,58.827999,1768.699951,20.709999
10/24/18,2656.100098,24583.41992,7108.399902,1050.709961,51.915257,99.343018,146.039993,57.700001,1664.199951,25.23
10/25/18,2705.570068,24984.55078,7318.339844,1095.569946,53.052094,105.14904,150.949997,62.972,1782.170044,24.219999
10/26/18,2658.689941,24688.31055,7167.209961,1071.469971,52.20731,103.848022,145.369995,66.18,1642.810059,24.16
10/29/18,2641.25,24442.91992,7050.290039,1020.080017,51.227375,100.828499,142.089996,66.970001,1538.880005,24.700001
10/30/18,2682.629883,24874.64063,7161.649902,1036.209961,51.483223,100.71199,146.220001,65.980003,1530.420044,23.35
10/31/18,2711.73999,25115.75977,7305.899902,1076.77002,52.825207,103.702377,151.789993,67.463997,1598.01001,21.23
11/1/18,2740.370117,25380.74023,7434.060059,1070,53.636192,102.838272,151.75,68.856003,1665.530029,19.34
11/2/18,2723.060059,25270.83008,7356.990234,1057.790039,50.078476,103.071304,150.350006,69.281998,1665.530029,19.51
11/5/18,2738.310059,25461.69922,7328.850098,1040.089966,48.656826,104.382019,148.679993,68.279999,1627.800049,19.959999
11/6/18,2755.449951,25635.00977,7375.959961,1055.810059,49.183006,104.585907,149.940002,68.211998,1642.810059,19.91
11/7/18,2813.889893,26180.30078,7570.75,1093.390015,50.674641,108.702545,151.529999,69.632004,1755.48999,16.360001
11/8/18,2806.830078,26191.2207,7530.879883,1082.400024,50.497833,108.49865,147.869995,70.279999,1754.910034,16.719999
11/9/18,2781.01001,25989.30078,7406.899902,1066.150024,49.524155,106.382088,144.960007,70.101997,1712.430054,17.360001
11/12/18,2726.219971,25387.17969,7200.870117,1038.630005,47.029419,103.760651,141.550003,66.255997,1636.849976,20.450001
11/13/18,2722.179932,25286.49023,7200.870117,1036.050049,46.559536,103.828598,142.160004,67.746002,1631.170044,20.02
11/14/18,2701.580078,25080.5,7136.390137,1043.660034,45.244358,102.356194,144.220001,68.800003,1599.01001,21.25
11/15/18,2730.199951,25289.26953,7259.029785,1064.709961,46.360935,104.608681,143.850006,69.688004,1619.439941,19.98
11/16/18,2736.27002,25413.2207,7247.870117,1061.48999,46.874409,105.593529,139.529999,70.862,1593.410034,18.139999
11/19/18,2690.72998,25017.43945,7028.47998,1020,45.016678,102.014923,131.550003,70.694,1512.290039,20.1
11/20/18,2641.889893,24465.64063,6908.819824,1025.76001,42.865883,99.177376,132.429993,69.498001,1495.459961,22.48
11/21/18,2649.929932,24464.68945,6972.25,1037.609985,42.817429,100.542526,134.820007,67.638,1516.72998,20.799999
11/23/18,2632.560059,24285.94922,6938.97998,1023.880005,41.729916,100.503517,131.729996,65.166,1502.060059,21.52
11/26/18,2673.449951,24640.24023,7081.850098,1048.619995,42.294266,103.818855,136.380005,69.199997,1581.329956,18.9
11/27/18,2682.169922,24748.73047,7082.700195,1044.410034,42.202229,104.47216,135,68.783997,1581.420044,19.02
11/28/18,2743.790039,25366.42969,7291.589844,1086.22998,43.825012,108.353065,136.759995,69.573997,1677.75,18.49
11/29/18,2737.800049,25338.83984,7273.080078,1088.300049,43.48835,107.44622,138.679993,68.234001,1673.569946,18.790001
11/30/18,2760.169922,25538.46094,7330.540039,1094.430054,43.253407,108.128792,140.610001,70.096001,1690.170044,18.07
12/3/18,2790.370117,25826.42969,7441.509766,1106.430054,44.764782,109.298897,141.089996,71.697998,1772.359985,16.440001
12/4/18,2700.060059,25027.07031,7158.430176,1050.819946,42.795639,105.817787,137.929993,71.940002,1668.400024,20.74
12/6/18,2695.949951,24947.66992,7188.259766,1068.72998,42.318485,106.471123,139.630005,72.612,1699.189941,21.190001
12/7/18,2633.080078,24388.94922,6969.25,1036.579956,40.809536,102.209938,137.419998,71.594002,1629.130005,23.23
12/10/18,2637.719971,24423.25977,7020.52002,1039.550049,41.078384,104.91095,141.850006,73.029999,1641.030029,22.639999
12/11/18,2636.780029,24370.24023,7031.830078,1051.75,40.843441,105.886063,142.080002,73.351997,1643.23999,21.76
12/12/18,2651.070068,24527.26953,7098.310059,1063.680054,40.957283,106.363861,144.5,73.32,1663.540039,21.459999
12/13/18,2650.540039,24597.38086,7070.330078,1061.900024,41.405365,106.72464,145.009995,75.358002,1658.380005,20.65
12/14/18,2599.949951,24100.50977,6910.660156,1042.099976,40.080482,103.389809,144.059998,73.141998,1591.910034,21.629999
12/17/18,2545.939941,23592.98047,6753.72998,1016.530029,39.707485,100.327995,140.190002,69.683998,1520.910034,24.52
12/18/18,2546.159912,23675.64063,6783.910156,1028.709961,40.223396,101.381104,143.660004,67.405998,1551.47998,25.58
12/19/18,2506.959961,23323.66016,6636.830078,1023.01001,38.968761,101.10807,133.240005,66.594002,1495.079956,25.58
12/20/18,2467.419922,22859.59961,6528.410156,1009.409973,37.985397,98.982368,133.399994,63.076,1460.829956,28.379999
12/21/18,2416.620117,22445.36914,6332.990234,979.539978,36.507931,95.784027,124.949997,63.953999,1377.449951,30.110001
12/24/18,2351.100098,21792.19922,6192.919922,976.219971,35.56332,91.786125,124.059998,59.077999,1343.959961,36.07
12/26/18,2467.699951,22878.44922,6554.359863,1039.459961,38.067745,98.056015,134.179993,65.218002,1470.900024,30.41
12/27/18,2488.830078,23138.82031,6579.490234,1043.880005,37.82069,98.660576,134.520004,63.226002,1461.640015,29.959999
12/28/18,2485.73999,23062.40039,6584.52002,1037.079956,37.840069,97.890251,133.199997,66.774002,1478.02002,28.34
12/31/18,2506.850098,23327.46094,6635.279785,1035.609985,38.205803,99.040863,131.089996,66.559998,1501.969971,25.42
1/2/19,2510.030029,23346.24023,6665.939941,1045.849976,38.249401,98.602066,135.679993,62.023998,1539.130005,23.219999
1/3/19,2447.889893,22686.2207,6463.5,1016.059998,34.439476,94.974693,131.740005,60.071999,1500.280029,25.450001
1/4/19,2531.939941,23433.16016,6738.859863,1070.709961,35.909672,99.391899,137.949997,63.537998,1575.390015,21.379999
1/7/19,2549.689941,23531.34961,6823.470215,1068.390015,35.829746,99.518669,138.050003,66.991997,1629.51001,21.4
1/8/19,2574.409912,23787.44922,6897,1076.280029,36.512772,100.240234,142.529999,67.07,1656.579956,20.469999
1/9/19,2584.959961,23879.11914,6957.080078,1074.660034,37.13282,101.673622,144.229996,67.706001,1659.420044,19.98
1/10/19,2596.639893,24001.91992,6986.069824,1070.329956,37.251511,101.020325,144.199997,68.994003,1656.219971,19.5
1/11/19,2596.26001,23995.94922,6971.47998,1057.189941,36.885773,100.240234,143.800003,69.452003,1640.560059,18.190001
1/14/19,2582.610107,23909.83984,6905.919922,1044.689941,36.33112,99.508911,145.389999,66.879997,1617.209961,19.07
1/15/19,2610.300049,24065.58984,7023.830078,1077.150024,37.074699,102.39521,148.949997,68.886002,1674.560059,18.6
1/16/19,2616.100098,24207.16016,7034.689941,1080.969971,37.52763,102.755997,147.539993,69.209999,1683.780029,19.040001
1/17/19,2635.959961,24370.09961,7084.459961,1089.900024,37.750454,103.477577,148.300003,69.461998,1693.219971,18.059999
1/18/19,2670.709961,24706.34961,7157.22998,1098.26001,37.982967,105.027977,150.039993,60.452,1696.199951,17.799999
1/22/19,2632.899902,24404.48047,7020.359863,1070.52002,37.130405,103.048515,147.570007,59.784,1632.170044,20.799999
1/23/19,2638.699951,24575.61914,7025.77002,1075.569946,37.280567,104.052872,144.300003,57.518002,1640.02002,19.52
1/24/19,2642.330078,24553.24023,7073.459961,1073.900024,36.985077,103.555573,145.830002,58.301998,1654.930054,18.889999
1/25/19,2664.76001,24737.19922,7164.859863,1090.98999,38.210648,104.501427,149.009995,59.408001,1670.569946,17.42
1/28/19,2643.850098,24528.2207,7085.680176,1070.079956,37.857025,102.46347,147.470001,59.276001,1637.890015,18.870001
1/29/19,2640,24579.96094,7028.290039,1060.619995,37.464645,100.376747,144.190002,59.492001,1593.880005,19.129999
1/30/19,2681.050049,25014.85938,7183.080078,1089.060059,40.02478,103.731094,150.419998,61.754002,1670.430054,17.66
1/31/19,2704.100098,24999.66992,7281.740234,1116.369995,40.313007,101.829651,166.690002,61.403999,1718.72998,16.57
2/1/19,2706.530029,25063.89063,7263.870117,1110.75,40.332386,100.220734,165.710007,62.442001,1626.22998,16.139999
2/4/19,2724.870117,25239.36914,7347.540039,1132.800049,41.478031,103.107025,169.25,62.577999,1633.310059,15.73
2/5/19,2737.699951,25411.51953,7402.080078,1145.98999,42.187691,104.550163,171.160004,64.269997,1658.810059,15.57
2/6/19,2731.610107,25390.30078,7375.279785,1115.22998,42.202229,103.389809,170.490005,63.444,1640.26001,15.38
2/7/19,2706.050049,25169.5293,7288.350098,1098.709961,41.402939,102.648727,166.380005,61.501999,1614.369995,16.370001
2/8/19,2707.879883,25106.33008,7298.200195,1095.060059,41.451591,103.03878,167.330002,61.16,1588.219971,15.72
2/11/19,2709.800049,25053.10938,7307.899902,1095.01001,41.213211,102.629219,165.789993,62.568001,1591,15.97
2/12/19,2744.72998,25425.75977,7414.620117,1121.369995,41.568352,104.228394,165.039993,62.362,1638.01001,15.43
2/13/19,2753.030029,25543.26953,7420.379883,1120.160034,41.395641,104.150375,164.070007,61.633999,1640,15.65
2/14/19,2745.72998,25439.39063,7426.950195,1121.670044,41.546455,104.238144,163.949997,60.754002,1622.650024,16.219999
2/15/19,2775.600098,25883.25,7472.410156,1113.650024,41.454025,105.525269,162.5,61.576,1607.949951,14.91
2/19/19,2779.76001,25891.32031,7486.77002,1118.560059,41.578079,105.476517,162.289993,61.127998,1627.579956,14.88
2/20/19,2784.699951,25954.43945,7489.069824,1113.800049,41.84565,104.928131,162.559998,60.512001,1622.099976,14.02
2/21/19,2774.879883,25850.63086,7459.709961,1096.969971,41.609699,107.141273,160.039993,58.245998,1619.439941,14.46
2/22/19,2792.669922,26031.81055,7527.540039,1110.369995,42.074299,108.668922,161.889999,58.942001,1631.560059,13.51
2/25/19,2796.110107,26091.94922,7554.459961,1109.400024,42.380795,109.276062,164.619995,59.754002,1633,14.85
2/26/19,2793.899902,26057.98047,7549.299805,1115.130005,42.405113,110.030106,164.130005,59.571999,1636.400024,15.17
2/27/19,2792.379883,25985.16016,7554.509766,1116.050049,42.536469,109.844032,162.809998,62.948002,1641.089966,14.7
2/28/19,2784.48999,25916,7532.529785,1119.920044,42.118088,109.70694,161.449997,63.976002,1639.829956,14.78
3/1/19,2803.689941,26026.32031,7595.350098,1140.98999,42.560799,110.196579,162.279999,58.958,1671.72998,13.57
3/4/19,2792.810059,25819.65039,7577.569824,1147.800049,42.774853,109.932167,167.369995,57.071999,1696.170044,14.63
3/5/19,2789.649902,25806.63086,7576.359863,1162.030029,42.69701,109.383766,171.259995,55.307999,1692.430054,14.74
3/6/19,2771.449951,25673.46094,7505.919922,1157.859985,42.451332,109.432739,172.509995,55.248001,1668.949951,15.74
3/7/19,2748.929932,25473.23047,7421.459961,1143.300049,41.959972,108.100937,169.130005,55.318001,1625.949951,16.59
3/8/19,2743.070068,25450.24023,7408.140137,1142.319946,42.059708,108.21846,169.600006,56.827999,1620.800049,16.049999
3/11/19,2783.300049,25650.88086,7558.060059,1175.76001,43.516747,110.490349,172.070007,58.183998,1670.619995,14.33
3/12/19,2791.52002,25554.66016,7591.029785,1193.199951,44.00568,111.263962,171.919998,56.672001,1673.099976,13.77
3/13/19,2810.919922,25702.89063,7643.410156,1193.319946,44.200275,112.125717,173.369995,57.792,1690.810059,13.41
3/14/19,2808.47998,25709.93945,7630.910156,1185.550049,44.691631,112.213852,170.169998,57.992001,1686.219971,13.5
3/15/19,2822.47998,25848.86914,7688.529785,1184.459961,45.272987,113.506485,165.979996,55.085999,1712.359985,12.88
3/18/19,2832.939941,25914.09961,7714.47998,1184.26001,45.735161,115.13205,160.470001,53.897999,1742.150024,13.1
3/19/19,2832.570068,25887.38086,7723.950195,1198.849976,45.372723,115.210396,161.570007,53.493999,1761.849976,13.56
3/20/19,2824.22998,25745.66992,7728.970215,1223.969971,45.769211,115.083099,165.440002,54.720001,1797.27002,13.91
3/21/19,2854.879883,25962.50977,7838.959961,1231.540039,47.454906,117.727119,166.080002,54.804001,1819.26001,13.63
3/22/19,2800.709961,25502.32031,7642.669922,1205.5,46.472191,114.622833,164.339996,52.905998,1764.77002,16.48
3/25/19,2798.360107,25516.83008,7637.540039,1193,45.910294,115.220207,166.289993,52.084,1774.26001,16.33
3/26/19,2818.459961,25657.73047,7691.52002,1184.619995,45.435959,115.465012,167.679993,53.554001,1783.76001,14.68
3/27/19,2805.370117,25625.58984,7643.379883,1173.02002,45.844616,114.348633,165.869995,54.966,1765.699951,15.15
3/28/19,2815.439941,25717.46094,7669.169922,1168.48999,45.905426,114.505325,165.550003,55.723999,1773.420044,14.43
3/29/19,2834.399902,25928.67969,7729.319824,1173.310059,46.20462,115.494392,166.690002,55.972,1780.75,13.71
4/1/19,2867.189941,26258.41992,7828.910156,1194.430054,46.518414,116.552002,168.699997,57.835999,1814.189941,13.4
4/2/19,2867.23999,26179.13086,7848.689941,1200.48999,47.194641,116.718468,174.199997,57.175999,1813.97998,13.36
4/3/19,2873.399902,26218.13086,7895.549805,1205.920044,47.518154,117.4823,173.539993,58.362,1820.699951,13.74
4/4/19,2879.389893,26384.63086,7891.779785,1215,47.600857,116.884949,176.020004,53.556,1818.859985,13.58
4/5/19,2892.73999,26424.99023,7938.689941,1207.150024,47.919506,117.403961,175.720001,54.992001,1837.280029,12.82
4/8/19,2895.77002,26341.01953,7953.879883,1203.839966,48.673569,117.443115,174.929993,54.639999,1849.859985,13.18
4/9/19,2878.199951,26150.58008,7909.279785,1197.25,48.527626,116.806595,177.580002,54.462002,1835.839966,14.28
4/10/19,2888.209961,26157.16016,7964.240234,1202.160034,48.80006,117.697731,177.820007,55.212002,1847.329956,13.3
4/11/19,2888.320068,26143.05078,7947.359863,1204.619995,48.393837,117.834824,177.509995,53.683998,1844.069946,13.02
4/12/19,2907.409912,26412.30078,7984.160156,1217.869995,48.374382,118.441963,179.100006,53.540001,1843.060059,12.01
4/15/19,2905.580078,26384.76953,7976.009766,1221.099976,48.461948,118.539902,179.649994,53.276001,1844.869995,12.32
4/16/19,2907.060059,26452.66016,8000.22998,1227.130005,48.466808,118.265701,178.869995,54.672001,1863.040039,12.18
4/17/19,2900.449951,26449.53906,7996.080078,1236.339966,49.41061,119.244965,178.779999,54.245998,1864.819946,12.6
4/18/19,2905.030029,26559.53906,7998.060059,1236.369995,49.588181,120.811798,178.279999,54.652,1861.689941,12.09
4/22/19,2907.969971,26511.05078,8015.27002,1248.839966,49.751156,121.19371,181.440002,52.549999,1887.310059,12.42
4/23/19,2933.679932,26656.39063,8120.819824,1264.550049,50.468727,122.838867,183.779999,52.779999,1923.77002,12.28
4/24/19,2927.25,26597.05078,8102.009766,1256,50.390892,122.417786,182.580002,51.731998,1901.75,13.14
4/25/19,2926.169922,26462.08008,8118.680176,1263.449951,49.93359,126.471931,193.259995,49.526001,1902.25,13.25
4/26/19,2939.879883,26543.33008,8146.399902,1272.180054,49.69521,127.196594,191.490005,47.028,1950.630005,12.73
4/29/19,2943.030029,26554.39063,8161.850098,1287.579956,49.770615,127.079079,194.779999,48.293999,1938.430054,13.11
4/30/19,2945.830078,26592.91016,8095.390137,1188.47998,48.812218,127.891884,193.399994,47.737999,1926.52002,13.12
5/1/19,2923.72998,26430.14063,8049.640137,1168.079956,51.208199,125.228279,193.029999,46.801998,1911.52002,14.8
5/2/19,2917.52002,26307.78906,8036.77002,1162.609985,50.87495,123.592903,192.529999,48.82,1900.819946,14.42
5/3/19,2945.639893,26504.94922,8164,1185.400024,51.507393,126.227119,195.470001,51.006001,1962.459961,12.87
5/6/19,2932.469971,26438.48047,8123.290039,1189.390015,50.711975,125.492653,193.880005,51.068001,1950.550049,15.44
5/7/19,2884.050049,25965.08984,7963.759766,1174.099976,49.344929,122.917198,189.770004,49.411999,1921,19.32
5/8/19,2879.419922,25967.33008,7943.319824,1166.27002,49.354656,122.907425,189.539993,48.967999,1917.77002,19.4
5/9/19,2870.719971,25828.35938,7910.589844,1162.380005,48.824387,122.897636,188.649994,48.396,1899.869995,19.1
5/10/19,2881.399902,25942.36914,7916.939941,1164.27002,48.147999,124.493828,188.339996,47.903999,1889.97998,16.040001
5/13/19,2811.870117,25324.99023,7647.02002,1132.030029,45.349667,120.792198,181.539993,45.402,1822.680054,20.549999
5/14/19,2834.409912,25532.05078,7734.490234,1120.439941,46.067558,122.1436,180.729996,46.462002,1840.119995,18.059999
5/15/19,2850.959961,25648.01953,7822.149902,1164.209961,46.619408,123.863647,186.270004,46.389999,1871.150024,16.440001
5/16/19,2876.320068,25862.67969,7898.049805,1178.97998,46.414303,126.723854,186.990005,45.666,1907.569946,15.29
5/17/19,2859.530029,25764,7816.279785,1162.300049,46.150585,125.878578,185.300003,42.206001,1869,15.96
5/20/19,2840.22998,25679.90039,7702.379883,1138.849976,44.707458,124.060226,182.720001,41.071999,1858.969971,16.309999
5/21/19,2864.360107,25877.33008,7785.720215,1149.630005,45.564545,124.7286,184.820007,41.015999,1857.52002,14.95
5/22/19,2856.27002,25776.60938,7750.839844,1151.420044,44.631763,125.485413,185.320007,38.546001,1859.680054,14.75
5/23/19,2822.23999,25490.4707,7628.279785,1140.77002,43.869915,124.020912,180.869995,39.098,1815.47998,16.92
5/24/19,2826.060059,25585.68945,7637.009766,1133.469971,43.701427,124.07988,181.059998,38.125999,1823.280029,15.85
5/28/19,2802.389893,25347.76953,7607.350098,1134.150024,43.520733,124.001266,184.309998,37.740002,1836.430054,17.5
5/29/19,2783.02002,25126.41016,7547.310059,1116.459961,43.313175,122.802124,182.190002,37.972,1819.189941,17.9
5/30/19,2788.860107,25169.88086,7567.720215,1117.949951,43.537827,123.578606,183.009995,37.644001,1816.319946,17.299999
5/31/19,2752.060059,24815.03906,7453.149902,1103.630005,42.749115,121.563683,177.470001,37.032001,1775.069946,18.709999
6/3/19,2744.449951,24819.7793,7333.02002,1036.22998,42.31691,117.789391,164.149994,35.793999,1692.689941,18.860001
6/4/19,2803.27002,25332.17969,7527.120117,1053.050049,43.865028,121.052589,167.5,38.720001,1729.560059,16.969999
6/5/19,2826.149902,25539.57031,7575.47998,1042.219971,44.573158,123.676903,168.169998,39.318001,1738.5,16.09
6/6/19,2843.48999,25720.66016,7615.549805,1044.339966,45.227566,125.632843,168.330002,41.189999,1754.359985,15.93
6/7/19,2873.340088,25983.93945,7742.100098,1066.040039,46.431393,129.151581,173.350006,40.900002,1804.030029,16.299999
6/10/19,2886.72998,26062.67969,7823.169922,1080.380005,47.024757,130.33107,174.820007,42.576,1860.630005,15.94
6/11/19,2885.719971,26048.50977,7822.569824,1078.719971,47.569283,129.839615,178.100006,43.419998,1863.699951,15.99
6/12/19,2879.840088,26004.83008,7792.720215,1077.030029,47.417892,129.240067,175.039993,41.852001,1855.319946,15.91
6/13/19,2891.639893,26106.76953,7837.129883,1088.77002,47.408123,130.055832,177.470001,42.782001,1870.300049,15.82
6/14/19,2886.97998,26089.60938,7796.660156,1085.349976,47.063824,130.183624,181.330002,42.984001,1869.670044,15.28
6/17/19,2889.669922,26112.5293,7845.02002,1092.5,47.344643,130.576782,189.009995,45.006001,1886.030029,15.35
6/18/19,2917.75,26465.53906,7953.879883,1103.599976,48.458111,132.84726,188.470001,44.948002,1901.369995,15.15
6/19/19,2926.459961,26504,7987.319824,1102.329956,48.316483,133.368195,187.479996,45.285999,1908.790039,14.33
6/20/19,2954.179932,26753.16992,8051.339844,1111.420044,48.704739,134.606598,189.529999,43.924,1918.189941,14.75
6/21/19,2950.459961,26719.13086,8031.709961,1121.880005,48.538689,134.626282,191.139999,44.372002,1911.300049,15.4
6/24/19,2945.350098,26727.53906,8005.700195,1115.52002,48.489857,135.422424,192.600006,44.728001,1913.900024,15.26
6/25/19,2917.379883,26548.2207,7884.720215,1086.349976,47.754868,131.146851,188.839996,43.952,1878.27002,16.280001
6/26/19,2913.780029,26536.82031,7909.970215,1079.800049,48.787762,131.63829,187.660004,43.854,1897.829956,16.209999
6/27/19,2924.919922,26526.58008,7967.759766,1076.01001,48.773113,131.854507,189.5,44.568001,1904.280029,15.82
6/28/19,2941.76001,26599.96094,8006.240234,1080.910034,48.328697,131.667801,193,44.692001,1893.630005,15.08
7/1/19,2964.330078,26717.42969,8091.160156,1097.949951,49.215084,133.358353,193,45.433998,1922.189941,14.06
7/2/19,2973.01001,26786.67969,8109.089844,1111.25,49.503204,134.242935,195,44.91,1934.310059,12.93
7/3/19,2995.820068,26966,8170.22998,1121.579956,49.913441,135.107895,197.199997,46.98,1939,12.57
7/5/19,2990.409912,26922.11914,8161.790039,1131.589966,49.869484,134.714737,196.399994,46.619999,1942.910034,13.28
7/8/19,2975.949951,26806.14063,8098.379883,1116.349976,48.841476,134.616455,195.759995,46.068001,1952.319946,13.96
7/9/19,2979.629883,26783.49023,8141.72998,1124.829956,49.139389,134.125015,199.210007,46.012001,1988.300049,14.09
7/10/19,2993.070068,26860.19922,8202.530273,1140.47998,49.625305,135.491241,202.729996,47.784,2017.410034,13.03
7/11/19,2999.909912,27088.08008,8196.040039,1144.209961,49.263916,136.031815,201.229996,47.720001,2001.069946,12.93
7/12/19,3013.77002,27332.0293,8244.139648,1144.900024,49.642403,136.523254,204.869995,49.015999,2011,12.39
7/15/19,3014.300049,27359.16016,8258.19043,1150.339966,50.108788,136.523254,203.910004,50.700001,2020.98999,12.68
7/16/19,3004.040039,27335.63086,8222.799805,1153.579956,49.935413,134.734375,203.839996,50.476002,2009.900024,12.86
7/17/19,2984.419922,27219.84961,8185.209961,1146.349976,49.654606,133.938263,201.800003,50.972,1992.030029,13.97
7/18/19,2995.110107,27222.9707,8207.240234,1146.329956,50.21867,134.085693,200.779999,50.708,1977.900024,13.53
7/19/19,2976.610107,27154.19922,8146.490234,1130.099976,49.469028,134.282257,198.360001,51.636002,1964.52002,14.45
7/22/19,2985.030029,27171.90039,8204.139648,1138.069946,50.599594,136.061279,202.320007,51.136002,1985.630005,13.53
7/23/19,3005.469971,27349.18945,8251.400391,1146.209961,50.995167,136.906586,202.360001,52.034,1994.48999,12.61
7/24/19,3019.560059,27269.9707,8321.5,1137.810059,50.953667,138.312103,204.660004,52.976002,2000.810059,12.07
7/25/19,3003.669922,27140.98047,8238.540039,1132.119995,50.550758,137.791183,200.710007,45.764,1973.819946,12.74
7/26/19,3025.860107,27192.44922,8330.209961,1250.410034,50.72657,138.921494,199.75,45.608002,1943.050049,12.16
7/29/19,3020.969971,27221.34961,8293.330078,1239.410034,51.200279,138.616806,195.940002,47.153999,1912.449951,12.83
7/30/19,3013.179932,27198.01953,8273.610352,1225.140015,50.980518,137.948441,197.039993,48.452,1898.530029,13.94
7/31/19,2980.379883,26864.26953,8175.419922,1216.680054,52.020744,133.938263,194.229996,48.321999,1866.780029,16.120001
8/1/19,2953.560059,26583.41992,8111.120117,1209.01001,50.895054,135.697617,192.729996,46.77,1855.319946,17.870001
8/2/19,2932.050049,26485.00977,8004.069824,1193.98999,49.818211,134.557465,189.020004,46.868,1823.23999,17.610001
8/5/19,2844.73999,25717.74023,7726.040039,1152.319946,47.210331,129.947739,181.729996,45.664001,1765.130005,24.59
8/6/19,2881.77002,26029.51953,7833.27002,1169.949951,48.104046,132.385284,184.509995,46.150002,1787.829956,20.17
8/7/19,2883.97998,26007.07031,7862.830078,1173.98999,48.602177,132.965179,185.149994,46.683998,1793.400024,19.49
8/8/19,2938.090088,26378.18945,8039.160156,1204.800049,49.674141,136.513412,190.160004,47.66,1832.890015,16.91
8/9/19,2918.649902,26287.43945,7959.140137,1188.01001,49.264809,135.353622,187.850006,47.001999,1807.579956,17.969999
8/12/19,2882.699951,25896.43945,7863.410156,1174.709961,49.139793,133.466446,185.369995,45.801998,1784.920044,21.09
8/13/19,2926.320068,26279.91016,8016.359863,1197.27002,51.220791,136.228409,188.449997,47,1824.339966,17.52
8/14/19,2840.600098,25479.41992,7773.939941,1164.290039,49.696201,132.125946,179.710007,43.924,1762.959961,22.1
8/15/19,2847.600098,25579.39063,7766.620117,1167.26001,49.448643,131.830093,182.589996,43.127998,1776.119995,21.18
8/16/19,2888.679932,25886.00977,7895.990234,1177.599976,50.615368,134.246216,183.699997,43.987999,1792.569946,18.469999
8/19/19,2923.649902,26135.78906,8002.810059,1198.449951,51.559048,136.494659,186.169998,45.366001,1816.119995,16.879999
8/20/19,2900.51001,25962.43945,7948.560059,1182.689941,51.561501,135.360565,183.809998,45.172001,1801.380005,17.5
8/21/19,2924.429932,26202.73047,8020.209961,1191.25,52.120346,136.869385,183.550003,44.166,1823.540039,15.8
8/22/19,2922.949951,26252.24023,7991.390137,1189.530029,52.076225,135.873367,182.039993,44.43,1804.660034,16.68
8/23/19,2847.110107,25628.90039,7751.77002,1151.290039,49.669239,131.544113,177.75,42.279999,1749.619995,19.870001
8/26/19,2878.379883,25898.83008,7853.740234,1168.890015,50.612915,133.575623,180.360001,43,1768.869995,19.32
8/27/19,2869.159912,25777.90039,7826.950195,1167.839966,50.041805,133.861588,181.300003,42.816002,1761.829956,20.309999
8/28/19,2887.939941,26036.09961,7856.879883,1171.02002,50.377613,133.684082,181.759995,43.118,1764.25,19.35
8/29/19,2924.580078,26362.25,7973.390137,1192.849976,51.230591,136.208664,185.570007,44.341999,1786.400024,17.879999
8/30/19,2926.459961,26403.2793,7962.879883,1188.099976,51.164417,135.952271,185.669998,45.122002,1776.290039,18.98
9/3/19,2906.27002,26118.01953,7874.160156,1168.390015,50.419273,134.157455,182.389999,45.001999,1789.839966,19.66
9/4/19,2937.780029,26355.4707,7976.879883,1181.410034,51.274715,135.725449,187.139999,44.136002,1800.619995,17.33
9/5/19,2976,26728.15039,8116.830078,1211.380005,52.277218,138.111969,190.899994,45.916,1840.719971,16.27
9/6/19,2978.709961,26797.46094,8103.069824,1204.930054,52.272316,137.17511,187.490005,45.490002,1833.51001,15
9/9/19,2978.429932,26835.50977,8087.439941,1204.410034,52.495365,135.616974,188.759995,46.358002,1831.349976,15.27
9/10/19,2979.389893,26909.42969,8084.160156,1206,53.115494,134.196899,186.169998,47.108002,1820.550049,15.2
9/11/19,3000.929932,27137.03906,8169.680176,1220.170044,54.80431,134.236328,188.490005,49.419998,1822.98999,14.61
9/12/19,3009.570068,27182.44922,8194.469727,1234.25,54.681755,135.616974,187.470001,49.174,1843.550049,14.22
9/13/19,3007.389893,27219.51953,8176.709961,1239.560059,53.617973,135.419739,187.190002,49.040001,1839.339966,13.74
9/16/19,2997.959961,27076.82031,8153.540039,1231.300049,53.899849,134.443436,186.220001,48.562,1807.839966,14.67
9/17/19,3005.699951,27110.80078,8186.02002,1229.150024,54.095943,135.48877,188.080002,48.958,1822.550049,14.44
9/18/19,3006.72998,27147.08008,8177.390137,1232.410034,54.603321,136.603134,188.139999,48.698002,1817.459961,13.95
9/19/19,3006.790039,27094.78906,8182.879883,1238.709961,54.159676,139.117844,190.139999,49.32,1821.5,14.05
9/20/19,2992.070068,26935.07031,8117.669922,1229.930054,53.367958,137.510391,189.929993,48.124001,1794.160034,15.32
9/23/19,2991.780029,26949.99023,8112.459961,1234.030029,53.610622,137.214554,186.820007,48.245998,1785.300049,14.91
9/24/19,2966.600098,26807.76953,7993.629883,1218.76001,53.355705,135.478912,181.279999,44.641998,1741.609985,17.049999
9/25/19,2984.870117,26970.71094,8077.379883,1246.52002,54.176826,137.431503,182.800003,45.740002,1768.329956,15.96
9/26/19,2977.620117,26891.11914,8030.660156,1241.390015,53.897404,137.609009,180.110001,48.512001,1739.839966,16.07
9/27/19,2961.790039,26820.25,7939.629883,1225.089966,53.635132,135.824051,177.100006,48.425999,1725.449951,17.219999
9/30/19,2976.73999,26916.83008,7999.339844,1219,54.897453,137.106079,178.080002,48.174,1735.910034,16.24
10/1/19,2940.25,26573.03906,7908.680176,1205.099976,55.049419,135.173218,175.809998,48.938,1735.650024,18.559999
10/2/19,2887.610107,26078.61914,7785.25,1176.630005,53.669445,132.786682,174.600006,48.625999,1713.22998,20.559999
10/3/19,2910.629883,26201.03906,7872.259766,1187.829956,54.125351,134.394135,179.380005,46.605999,1724.420044,19.120001
10/4/19,2952.01001,26573.7207,7982.470215,1209,55.64259,136.208664,180.449997,46.285999,1739.650024,17.040001
10/7/19,2938.790039,26478.01953,7956.290039,1207.680054,55.654846,135.222504,179.679993,47.543999,1732.660034,17.860001
10/8/19,2893.060059,26164.03906,7823.779785,1189.130005,55.00285,133.792572,177.75,48.009998,1705.51001,20.280001
10/9/19,2919.399902,26346.00977,7903.740234,1202.310059,55.647491,136.327011,179.850006,48.905998,1721.98999,18.639999
10/10/19,2938.129883,26496.66992,7950.779785,1208.670044,56.39753,137.17511,180.029999,48.948002,1720.26001,17.57
10/11/19,2970.27002,26816.58984,8057.040039,1215.449951,57.89761,137.74707,184.190002,49.577999,1731.920044,15.58
10/14/19,2966.149902,26787.35938,8048.649902,1217.140015,57.81427,137.618881,183.279999,51.391998,1736.430054,14.57
10/15/19,2995.679932,27024.80078,8148.709961,1243.01001,57.679462,139.610931,188.889999,51.577999,1767.380005,13.54
10/16/19,2989.689941,27001.98047,8124.180176,1243.640015,57.446606,138.466995,189.550003,51.950001,1777.430054,13.68
10/17/19,2997.949951,27025.88086,8156.850098,1253.069946,57.669655,137.756927,190.389999,52.394001,1787.47998,13.79
10/18/19,2986.199951,26770.19922,8089.540039,1245.48999,57.946632,135.508499,185.850006,51.389999,1757.51001,14.25
10/21/19,3006.719971,26827.64063,8162.990234,1246.150024,58.951584,136.514359,189.759995,50.700001,1785.660034,14
10/22/19,2995.98999,26788.09961,8104.299805,1242.800049,58.816776,134.482895,182.339996,51.116001,1765.72998,14.46
10/23/19,3004.52002,26833.94922,8119.790039,1259.130005,59.606026,135.340866,186.149994,50.936001,1762.170044,14.01
10/24/19,3010.290039,26805.5293,8185.799805,1260.98999,59.704071,138.003479,186.380005,59.936001,1780.780029,13.71
10/25/19,3022.550049,26958.06055,8243.120117,1265.130005,60.439407,138.782547,187.889999,65.625999,1761.329956,12.65
10/28/19,3039.419922,27090.7207,8325.990234,1290,61.044827,142.194687,189.399994,65.542,1777.079956,13.11
10/29/19,3036.889893,27071.46094,8276.849609,1262.619995,59.632992,140.8535,189.309998,63.243999,1762.709961,13.2
10/30/19,3046.77002,27186.68945,8303.980469,1261.290039,59.625637,142.608871,188.25,63.001999,1779.98999,12.33
10/31/19,3037.560059,27046.23047,8292.360352,1260.109985,60.973743,141.385986,191.649994,62.984001,1776.660034,13.22
11/1/19,3066.909912,27347.35938,8386.400391,1273.73999,62.704231,141.731186,193.619995,62.661999,1791.439941,12.3
11/4/19,3078.27002,27462.10938,8433.200195,1291.369995,63.116005,142.549698,194.720001,63.493999,1804.660034,12.83
11/5/19,3074.620117,27492.63086,8434.679688,1292.030029,63.025326,142.460953,194.320007,63.444,1801.709961,13.1
11/6/19,3076.780029,27492.56055,8410.629883,1291.800049,63.052284,142.066467,191.550003,65.316002,1795.77002,12.62
11/7/19,3085.179932,27674.80078,8434.519531,1308.859985,63.779991,142.263687,190.419998,67.108002,1788.199951,12.73
11/8/19,3093.080078,27681.24023,8475.30957,1311.369995,63.954544,143.940186,190.839996,67.428001,1785.880005,12.07
11/11/19,3087.01001,27691.49023,8464.280273,1299.189941,64.460991,144.088089,189.610001,69.017998,1771.650024,12.69
11/12/19,3091.840088,27691.49023,8486.089844,1298.800049,64.401978,145.034821,194.470001,69.986,1778,12.68
11/13/19,3094.040039,27783.58984,8482.099609,1298,65.019051,145.2715,193.190002,69.222,1753.109985,13
11/14/19,3096.629883,27781.96094,8479.019531,1311.459961,64.56916,146.011108,193.149994,69.870003,1754.599976,13.05
11/15/19,3120.459961,28004.89063,8540.830078,1334.869995,65.336212,147.894684,195.100006,70.433998,1739.48999,12.05
11/18/19,3122.030029,28036.2207,8549.94043,1320.699951,65.665634,148.259583,197.399994,69.998001,1752.530029,12.46
11/19/19,3120.179932,27934.01953,8570.660156,1315.459961,65.466507,148.308868,199.320007,71.903999,1752.790039,12.86
11/20/19,3108.459961,27821.08984,8526.730469,1303.050049,64.704376,148.05159,197.509995,70.444,1745.530029,12.78
11/21/19,3103.540039,27766.28906,8506.209961,1301.349976,64.414268,147.91304,197.929993,70.966003,1734.709961,13.13
11/22/19,3110.290039,27875.61914,8519.879883,1295.339966,64.357727,148.021912,198.820007,66.608002,1745.719971,12.34
11/25/19,3133.639893,28066.4707,8632.490234,1306.689941,65.486168,149.644714,199.789993,67.267998,1773.839966,11.87
11/26/19,3140.52002,28121.67969,8647.929688,1313.550049,64.974815,150.43634,198.970001,65.783997,1796.939941,11.54
11/27/19,3153.629883,28164,8705.179688,1312.98999,65.847565,150.723297,202,66.258003,1818.51001,11.75
11/29/19,3140.97998,28051.41016,8665.469727,1304.959961,65.702515,149.793152,201.639999,65.987999,1800.800049,12.62
12/2/19,3113.870117,27783.03906,8567.990234,1289.920044,64.942841,147.98233,199.699997,66.973999,1781.599976,14.91
12/3/19,3093.199951,27502.81055,8520.639648,1295.280029,63.784916,147.744843,198.820007,67.239998,1769.959961,15.96
12/4/19,3112.76001,27649.7793,8566.669922,1320.540039,64.347893,148.279175,198.710007,66.606003,1760.689941,14.8
12/5/19,3117.429932,27677.78906,8570.700195,1328.130005,65.291946,148.358353,199.360001,66.073997,1740.47998,14.52
12/6/19,3145.909912,28015.06055,8656.530273,1340.619995,66.553131,150.159271,201.050003,67.178001,1751.599976,13.62
12/9/19,3135.959961,27909.59961,8621.830078,1343.560059,65.621384,149.773361,201.339996,67.905998,1749.51001,15.86
12/10/19,3132.52002,27881.7207,8616.179688,1344.660034,66.004898,149.545792,200.869995,69.767998,1739.209961,15.68
12/11/19,3141.629883,27911.30078,8654.049805,1345.02002,66.567886,150.109772,202.259995,70.540001,1748.719971,14.99
12/12/19,3168.570068,28132.05078,8717.320313,1350.27002,66.737518,151.633667,196.75,71.935997,1760.329956,13.94
12/13/19,3168.800049,28135.38086,8734.879883,1347.829956,67.644707,152.910126,194.110001,71.678001,1760.939941,12.63
12/16/19,3191.449951,28235.89063,8814.230469,1361.170044,68.802635,153.899643,197.919998,76.300003,1769.209961,12.14
12/17/19,3192.52002,28267.16016,8823.360352,1355.119995,68.937851,153.068451,198.389999,75.797997,1790.660034,12.29
12/18/19,3191.139893,28239.2793,8827.740234,1352.619995,68.773132,152.751816,202.5,78.629997,1784.030029,12.58
12/19/19,3205.370117,28376.96094,8887.219727,1356.040039,68.841965,154.077759,206.059998,80.807999,1792.280029,12.5
12/20/19,3221.219971,28455.08984,8924.959961,1349.589966,68.699387,155.759949,206.300003,81.117996,1786.5,12.51
12/23/19,3224.01001,28551.5293,8945.650391,1348.839966,69.820442,155.759949,206.179993,83.844002,1793,12.61
12/24/19,3223.379883,28515.44922,8952.879883,1343.560059,69.886818,155.730255,205.119995,85.050003,1789.209961,12.67
12/26/19,3239.909912,28621.39063,9022.389648,1360.400024,71.273392,157.006729,207.789993,86.188004,1868.77002,12.65
12/27/19,3240.02002,28645.25977,9006.620117,1351.890015,71.246353,157.293686,208.100006,86.075996,1869.800049,13.43
12/30/19,3221.290039,28462.14063,8945.990234,1336.140015,71.669212,155.938049,204.410004,82.940002,1846.890015,14.82
12/31/19,3230.780029,28538.43945,8972.599609,1337.02002,72.192863,156.04689,205.25,83.666,1847.839966,13.78
1/2/20,3257.850098,28868.80078,9092.19043,1367.369995,73.840042,158.936279,209.779999,86.052002,1898.01001,12.47
1/3/20,3234.850098,28634.88086,9020.769531,1360.660034,73.122154,156.95726,208.669998,88.601997,1874.969971,14.02
1/6/20,3246.280029,28703.38086,9071.469727,1394.209961,73.704819,157.362961,212.600006,90.307999,1902.880005,13.85
1/7/20,3237.179932,28583.67969,9068.580078,1393.339966,73.358185,155.928177,213.059998,93.811996,1906.859985,13.79
1/8/20,3253.050049,28745.08984,9129.240234,1404.319946,74.538239,158.411835,215.220001,98.428001,1891.969971,13.45
1/9/20,3274.699951,28956.90039,9203.429688,1419.829956,76.121498,160.390869,218.300003,96.267998,1901.050049,12.54
1/10/20,3265.350098,28823.76953,9178.860352,1429.72998,76.293579,159.648727,218.059998,95.629997,1883.160034,12.56
1/13/20,3288.129883,28907.05078,9273.929688,1439.22998,77.923538,161.568405,221.910004,104.972,1891.300049,12.32
1/14/20,3283.149902,28939.66992,9251.330078,1430.880005,76.871323,160.43045,219.059998,107.584,1869.439941,12.39
1/15/20,3289.290039,29030.2207,9258.700195,1439.199951,76.541885,161.469452,221.149994,103.699997,1862.02002,12.42
1/16/20,3316.810059,29297.64063,9357.129883,1451.699951,77.500694,164.428116,221.770004,102.697998,1877.939941,12.32
1/17/20,3329.620117,29348.09961,9388.94043,1480.390015,78.358696,165.348358,222.139999,102.099998,1864.719971,12.1
1/21/20,3320.790039,29196.03906,9370.80957,1484.400024,77.827667,164.754654,221.440002,109.440002,1892,12.85
1/22/20,3321.75,29186.26953,9383.769531,1485.949951,78.105476,163.963043,221.320007,113.912003,1887.459961,12.91
1/23/20,3325.540039,29160.08984,9402.480469,1486.650024,78.481621,164.972351,219.759995,114.440002,1884.579956,12.98
1/24/20,3295.469971,28989.73047,9314.910156,1466.709961,78.25544,163.309952,217.940002,112.963997,1861.640015,14.56
1/27/20,3243.629883,28535.80078,9139.30957,1433.900024,75.954315,160.578888,214.869995,111.603996,1828.339966,18.23
1/28/20,3276.23999,28722.84961,9269.679688,1452.560059,78.103012,163.725555,217.789993,113.379997,1853.25,16.280001
1/29/20,3273.399902,28734.44922,9275.160156,1458.630005,79.7379,166.278503,223.229996,116.197998,1858,16.389999
1/30/20,3283.659912,28859.43945,9298.929688,1455.839966,79.622337,170.968826,209.529999,128.162003,1870.680054,15.49
1/31/20,3225.52002,28256.0293,9150.94043,1434.22998,76.091995,168.445557,201.910004,130.113998,2008.719971,18.84
2/3/20,3248.919922,28399.81055,9273.400391,1485.939941,75.883018,172.552048,204.190002,156,2004.199951,17.969999
2/4/20,3297.590088,28807.63086,9467.969727,1447.069946,78.388199,178.231873,209.830002,177.412003,2049.669922,16.049999
2/5/20,3334.689941,29290.84961,9508.679688,1448.22998,79.027405,178.014191,210.110001,146.940002,2039.869995,15.15
2/6/20,3345.780029,29379.76953,9572.150391,1476.22998,79.951775,181.705093,210.850006,149.792007,2050.22998,14.96
2/7/20,3327.709961,29102.50977,9520.509766,1479.22998,78.865021,181.962357,212.330002,149.613998,2079.280029,15.47
2/10/20,3352.090088,29276.82031,9628.389648,1508.680054,79.239594,186.721939,213.059998,154.255997,2133.909912,15.04
2/11/20,3357.75,29276.33984,9638.94043,1508.790039,78.76152,182.506607,207.190002,154.876007,2150.800049,15.18
2/12/20,3379.449951,29551.41992,9725.959961,1518.27002,80.631927,182.773773,210.759995,153.457993,2160,13.74
2/13/20,3373.939941,29423.31055,9711.969727,1514.660034,80.057739,181.784271,213.139999,160.800003,2149.870117,14.15
2/14/20,3380.159912,29398.08008,9731.179688,1520.73999,80.077461,183.407059,214.179993,160.005997,2134.870117,13.68
2/18/20,3370.290039,29232.18945,9732.740234,1519.670044,78.611198,185.267365,217.800003,171.679993,2155.669922,14.83
2/19/20,3386.149902,29348.0293,9817.179688,1526.689941,79.749702,185.822998,217.490005,183.483994,2170.219971,14.38
2/20/20,3373.22998,29219.98047,9750.969727,1518.150024,78.931564,182.985229,214.580002,179.882004,2153.100098,15.56
2/21/20,3337.75,28992.41016,9576.589844,1485.109985,77.144943,177.200607,210.179993,180.199997,2095.969971,17.08
2/24/20,3225.889893,27960.80078,9221.280273,1421.589966,73.480522,169.560516,200.720001,166.757996,2009.290039,25.030001
2/25/20,3128.209961,27081.35938,8965.610352,1388.449951,70.991577,166.762451,196.770004,159.981995,1972.73999,27.85
2/26/20,3116.389893,26957.58984,8980.780273,1393.180054,72.117767,168.8461,197.199997,155.759995,1979.589966,27.559999
2/27/20,2978.76001,25766.64063,8566.480469,1318.089966,67.403557,156.949387,189.75,135.800003,1884.300049,39.16
2/28/20,2954.219971,25409.35938,8567.370117,1339.329956,67.364128,160.749588,192.470001,133.598007,1883.75,40.110001
3/2/20,3090.22998,26703.32031,8952.169922,1389.109985,73.635773,171.445724,196.440002,148.723999,1953.949951,33.419998
3/3/20,3003.370117,25917.41016,8684.089844,1341.390015,71.297157,163.230148,185.889999,149.102005,1908.98999,36.82
3/4/20,3130.120117,27090.85938,9018.089844,1386.52002,74.60424,169.223145,191.759995,149.899994,1975.829956,31.99
3/5/20,3023.939941,26121.2793,8738.589844,1319.040039,72.184303,164.97644,185.169998,144.908005,1924.030029,39.619999
3/6/20,2972.370117,25864.7793,8575.620117,1298.410034,71.225685,160.313034,181.089996,140.695999,1901.089966,41.939999
3/9/20,2746.560059,23851.01953,7950.680176,1215.560059,65.592308,149.448196,169.5,121.599998,1800.609985,54.459999
3/10/20,2882.22998,25018.16016,8344.25,1280.390015,70.316368,159.668076,178.190002,129.065994,1891.819946,47.299999
3/11/20,2741.379883,23553.2207,7952.049805,1215.410034,67.874245,152.434784,170.240005,126.846001,1820.859985,53.900002
3/12/20,2480.639893,21200.61914,7201.799805,1114.910034,61.171341,137.978134,154.470001,112.110001,1676.609985,75.470001
3/13/20,2711.02002,23185.61914,7874.879883,1219.72998,68.500175,157.594345,170.279999,109.323997,1785,57.830002
3/16/20,2386.129883,20188.51953,6904.589844,1084.329956,59.687832,134.36647,146.009995,89.014,1689.150024,82.690002
3/17/20,2529.189941,21237.38086,7334.779785,1119.800049,62.312309,145.429733,149.419998,86.040001,1807.839966,75.910004
3/18/20,2398.100098,19898.91992,6989.839844,1096.800049,60.786911,139.307724,146.960007,72.244003,1830,76.449997
3/19/20,2409.389893,20087.18945,7150.580078,1115.290039,60.321156,141.599747,153.130005,85.528,1880.930054,72
3/20/20,2304.919922,19173.98047,6879.52002,1072.319946,56.491634,136.281433,149.729996,85.505997,1846.089966,66.040001
3/23/20,2237.399902,18591.92969,6860.669922,1056.619995,55.291519,134.922089,148.100006,86.858002,1902.829956,61.59
3/24/20,2447.330078,20704.91016,7417.859863,1134.459961,60.838661,147.185944,160.979996,101,1940.099976,61.669998
3/25/20,2475.560059,21200.55078,7384.299805,1102.48999,60.503517,145.776993,156.210007,107.849998,1885.839966,63.950001
3/26/20,2630.070068,22552.16992,7797.540039,1161.75,63.687393,154.895493,163.339996,105.632004,1955.48999,61
3/27/20,2541.469971,21636.7793,7502.379883,1110.709961,61.050594,148.535355,156.789993,102.872002,1900.099976,65.540001
3/30/20,2626.649902,22327.48047,7774.149902,1146.819946,62.79285,158.983444,165.949997,100.426003,1963.949951,57.080002
3/31/20,2584.590088,21917.16016,7700.100098,1162.810059,62.664707,156.483047,166.800003,104.800003,1949.719971,53.540001
4/1/20,2470.5,20943.50977,7360.580078,1105.619995,59.367474,150.92662,159.600006,96.311996,1907.699951,57.060001
4/2/20,2526.899902,21413.43945,7487.310059,1120.839966,60.35812,154.052109,158.190002,90.893997,1918.829956,50.91
4/3/20,2488.649902,21052.5293,7373.080078,1097.880005,59.490692,152.63324,154.179993,96.001999,1906.589966,46.799999
4/6/20,2663.679932,22679.99023,7913.240234,1186.920044,64.680504,163.984238,165.550003,103.248001,1997.589966,45.240002
4/7/20,2659.409912,22653.85938,7887.259766,1186.51001,63.931355,162.218079,168.830002,109.089996,2011.599976,46.700001
4/8/20,2749.97998,23433.57031,8090.899902,1210.280029,65.567657,163.845306,174.279999,109.767998,2043,43.349998
4/9/20,2789.820068,23719.36914,8153.580078,1211.449951,66.040802,163.85524,175.190002,114.599998,2042.76001,41.669998
4/13/20,2761.629883,23390.76953,8192.419922,1217.560059,67.337029,164.222351,174.789993,130.190002,2168.870117,41.169998
4/14/20,2846.060059,23949.75977,8515.740234,1269.22998,70.737755,172.348633,178.169998,141.977997,2283.320068,37.759998
4/15/20,2783.360107,23504.34961,8393.179688,1262.469971,70.09211,170.542801,176.970001,145.966003,2307.679932,40.84
4/16/20,2799.550049,23537.67969,8532.360352,1263.469971,70.64904,175.662643,176.25,149.042007,2408.189941,40.110001
4/17/20,2874.560059,24242.49023,8650.139648,1283.25,69.690422,177.210526,179.240005,150.778,2375,38.150002
4/20/20,2823.159912,23650.43945,8560.730469,1266.609985,68.243881,173.698074,178.240005,149.272003,2393.610107,43.830002
4/21/20,2736.560059,23018.88086,8263.230469,1216.339966,66.134438,166.514404,170.800003,137.343994,2328.120117,45.41
4/22/20,2799.310059,23475.82031,8495.379883,1263.209961,68.039352,172.170059,182.279999,146.421997,2363.48999,41.98
4/23/20,2797.800049,23515.25977,8494.75,1276.310059,67.775673,170.08638,185.130005,141.126007,2399.449951,41.380001
4/24/20,2836.73999,23775.26953,8634.519531,1279.310059,69.732323,173.192032,190.070007,145.029999,2410.219971,35.93
4/27/20,2878.47998,24133.7793,8730.160156,1275.880005,69.781609,172.695923,187.5,159.75,2376,33.290001
4/28/20,2863.389893,24101.55078,8607.730469,1233.670044,68.65049,168.488922,182.910004,153.824005,2314.080078,33.57
4/29/20,2939.51001,24633.85938,8914.709961,1341.47998,70.905334,176.049622,194.190002,160.102005,2372.709961,31.23
4/30/20,2912.429932,24345.7207,8889.549805,1348.660034,72.401154,177.815781,204.710007,156.376007,2474,34.150002
5/1/20,2830.709961,23723.68945,8604.950195,1320.609985,71.235542,173.211899,202.270004,140.264008,2286.040039,37.189999
5/4/20,2842.73999,23749.75977,8710.709961,1326.800049,72.243446,177.448639,205.259995,152.238007,2315.98999,35.970001
5/5/20,2868.439941,23883.08984,8809.120117,1351.109985,73.327736,179.353729,207.070007,153.641998,2317.800049,33.610001
5/6/20,2848.419922,23664.64063,8854.389648,1347.300049,74.084282,181.119873,208.470001,156.516006,2351.26001,34.119999
5/7/20,2881.189941,23875.89063,8979.660156,1372.560059,74.85067,182.171631,211.259995,156.007996,2367.610107,31.440001
5/8/20,2929.800049,24331.32031,9121.320313,1388.369995,77.259674,183.24321,212.350006,163.884003,2379.610107,27.98
5/11/20,2930.189941,24221.99023,9192.339844,1403.26001,78.475372,185.287201,213.179993,162.257996,2409,27.57
5/12/20,2870.120117,23764.7793,9002.549805,1375.73999,77.578537,181.090103,210.100006,161.882004,2356.949951,33.040001
5/13/20,2820,23247.9707,8863.169922,1349.329956,76.641853,178.351578,205.100006,158.192001,2367.919922,35.279999
5/14/20,2852.5,23625.33984,8943.719727,1356.130005,77.112686,179.125519,206.809998,160.666,2388.850098,32.610001
5/15/20,2863.699951,23685.41992,9014.55957,1373.189941,76.656792,181.735046,210.880005,159.834,2409.780029,31.889999
5/18/20,2953.909912,24597.36914,9234.830078,1383.939941,78.462914,183.471436,213.190002,162.725998,2426.26001,29.299999
5/19/20,2922.939941,24206.85938,9185.099609,1373.484985,78.009521,182.201401,216.880005,161.602005,2449.330078,30.530001
5/20/20,2971.610107,24575.90039,9375.780273,1406.719971,79.526665,184.728653,229.970001,163.112,2497.939941,27.99
5/21/20,2948.51001,24474.11914,9284.879883,1402.800049,78.933754,182.509842,231.389999,165.520004,2446.73999,29.530001
5/22/20,2955.449951,24465.16016,9324.589844,1410.420044,79.441963,182.589432,234.910004,163.376007,2436.879883,28.16
5/26/20,2991.77002,24995.10938,9340.219727,1417.02002,78.903862,180.65918,232.199997,163.774002,2421.860107,28.01
5/27/20,3036.129883,25548.26953,9412.360352,1417.839966,79.247643,180.897964,229.139999,164.046005,2410.389893,27.620001
5/28/20,3029.72998,25400.64063,9368.990234,1416.72998,79.282524,180.490021,225.460007,161.162003,2401.100098,28.59
5/29/20,3044.310059,25383.10938,9489.870117,1428.920044,79.205299,182.33075,225.089996,167,2442.370117,27.51
6/1/20,3055.72998,25475.01953,9552.049805,1431.819946,80.179359,181.912857,231.910004,179.619995,2471.040039,28.23
6/2/20,3080.820068,25742.65039,9608.379883,1439.219971,80.550545,183.982422,232.720001,176.311996,2472.409912,26.84
6/3/20,3122.870117,26269.89063,9682.910156,1436.380005,80.99398,184.430161,230.160004,176.591995,2478.399902,25.66
6/4/20,3112.350098,26281.82031,9615.80957,1412.180054,80.296448,182.002396,226.289993,172.876007,2460.600098,25.809999
6/5/20,3193.929932,27110.98047,9814.080078,1438.390015,82.583374,186.260925,230.770004,177.132004,2483,24.52
6/8/20,3232.389893,27572.43945,9924.75,1446.609985,83.07164,187.4151,231.399994,189.983994,2524.060059,25.809999
6/9/20,3207.179932,27272.30078,9953.75,1456.160034,85.694878,188.8479,238.669998,188.134003,2600.860107,27.57
6/10/20,3190.139893,26989.99023,10020.34961,1465.849976,87.89959,195.85257,236.729996,205.009995,2647.449951,27.57
6/11/20,3002.100098,25128.16992,9492.730469,1403.839966,83.679497,185.335602,224.429993,194.567993,2557.959961,40.790001
6/12/20,3041.310059,25605.53906,9588.80957,1413.180054,84.401947,186.798218,228.580002,187.056,2545.02002,36.09
6/15/20,3066.590088,25763.16016,9726.019531,1419.849976,85.445755,187.992203,232.5,198.179993,2572.679932,34.400002
6/16/20,3124.73999,26289.98047,9895.870117,1442.719971,87.710258,192.598984,235.649994,196.425995,2615.27002,33.669998
6/17/20,3113.48999,26119.60938,9910.530273,1451.119995,87.588196,193.265625,235.529999,198.358002,2640.97998,33.470001
6/18/20,3115.340088,26080.09961,9943.049805,1435.959961,87.623077,195.33519,235.940002,200.792007,2653.97998,32.939999
6/19/20,3097.73999,25871.46094,9946.120117,1431.719971,87.122337,194.171036,238.789993,200.179993,2675.01001,35.119999
6/22/20,3117.860107,26024.96094,10056.48047,1451.859985,89.401787,199.563873,239.220001,198.863998,2713.820068,31.77
6/23/20,3131.290039,26156.09961,10131.37012,1464.410034,91.310051,200.897141,242.240005,200.356003,2764.409912,31.370001
6/24/20,3050.330078,25445.93945,9909.169922,1431.969971,89.698242,196.847549,234.020004,192.169998,2734.399902,33.84
6/25/20,3083.76001,25745.59961,10017,1441.329956,90.889038,199.335007,235.679993,197.195999,2754.580078,32.220001
6/26/20,3009.050049,25015.55078,9757.219727,1359.900024,88.096405,195.345123,216.080002,191.947998,2692.870117,34.73
6/29/20,3053.23999,25595.80078,9874.150391,1394.969971,90.126732,197.44455,220.639999,201.869995,2680.379883,31.780001
6/30/20,3100.290039,25812.88086,10058.76953,1413.609985,90.879066,202.489105,227.070007,215.962006,2758.820068,30.43
7/1/20,3115.860107,25734.9707,10154.62988,1438.040039,90.707176,203.673141,237.550003,223.925995,2878.699951,28.620001
7/2/20,3130.01001,25827.35938,10207.62988,1464.699951,90.707176,205.225311,233.419998,241.731995,2890.300049,27.68
7/6/20,3179.719971,26287.0293,10433.65039,1495.699951,93.133614,209.643036,240.279999,274.31601,3057.040039,27.940001
7/7/20,3145.320068,25890.17969,10343.88965,1485.180054,92.844635,207.205322,240.860001,277.971985,3000.120117,29.43
7/8/20,3169.939941,26067.2793,10492.5,1496,95.006996,211.76236,243.580002,273.175995,3081.110107,28.08
7/9/20,3152.050049,25706.08984,10547.75,1510.98999,95.415558,213.244904,244.5,278.855988,3182.629883,29.26
7/10/20,3185.040039,26075.30078,10617.44043,1541.73999,95.582466,212.598145,245.070007,308.929993,3200,27.290001
7/13/20,3155.219971,26085.80078,10390.83984,1511.339966,95.141525,206.03125,239,299.411987,3104,32.189999
7/14/20,3197.52002,26642.58984,10488.58008,1520.579956,96.715965,207.30484,239.729996,303.359985,3084,29.52
7/15/20,3226.560059,26870.09961,10550.49023,1513.640015,97.381111,206.996368,240.279999,309.201996,3008.870117,27.76
7/16/20,3215.570068,26734.71094,10473.83008,1518,96.182846,202.897049,240.929993,300.127991,2999.899902,28
7/17/20,3224.72998,26671.94922,10503.19043,1515.550049,95.988533,201.862274,242.029999,300.167999,2961.969971,25.68
7/20/20,3251.840088,26680.86914,10767.08984,1565.719971,98.011391,210.538528,245.419998,328.600006,3196.840088,24.459999
7/21/20,3257.300049,26840.40039,10680.36035,1558.420044,96.658661,207.70282,241.75,313.671997,3138.290039,24.84
7/22/20,3276.02002,27005.83984,10706.12988,1568.48999,96.930199,210.687775,239.869995,318.466003,3099.909912,24.32
7/23/20,3235.659912,26652.33008,10461.41992,1515.680054,92.518288,201.523972,232.600006,302.614014,2986.550049,26.08
7/24/20,3215.629883,26469.89063,10363.17969,1511.869995,92.289093,200.290207,230.710007,283.399994,3008.909912,25.84
7/27/20,3239.409912,26584.76953,10536.26953,1530.199951,94.476364,202.827408,233.5,307.920013,3055.209961,24.74
7/28/20,3218.439941,26379.2793,10402.08984,1500.339966,92.924355,201.006592,230.119995,295.298004,3000.330078,25.440001
7/29/20,3258.439941,26539.57031,10542.94043,1522.02002,94.705559,203.036346,233.289993,299.821991,3033.530029,24.1
7/30/20,3246.219971,26313.65039,10587.80957,1531.449951,95.851517,202.877151,234.5,297.497986,3051.879883,24.76
7/31/20,3271.120117,26428.32031,10745.26953,1482.959961,105.886086,203.981583,253.669998,286.152008,3164.679932,24.459999
8/3/20,3294.610107,26664.40039,10902.79981,1474.449951,108.554153,215.453751,251.960007,297,3111.889893,24.280001
8/4/20,3306.51001,26828.4707,10941.16992,1464.969971,109.279099,212.220047,249.830002,297.399994,3138.830078,23.76
8/5/20,3327.77002,27201.51953,10998.40039,1473.609985,109.675194,211.871811,249.119995,297.003998,3205.030029,22.99
8/6/20,3349.159912,27386.98047,11108.07031,1500.099976,113.501678,215.264709,265.279999,297.915985,3225,22.65
8/7/20,3351.280029,27433.48047,11010.98047,1494.48999,110.921135,211.414124,268.440002,290.541992,3167.459961,22.209999
8/10/20,3360.469971,27791.43945,10968.36035,1496.099976,112.533356,207.205322,263,283.713989,3148.159912,22.129999
8/11/20,3333.689941,27686.91016,10782.82031,1480.319946,109.186623,202.359772,256.130005,274.877991,3080.669922,24.030001
8/12/20,3380.350098,27976.83984,11012.24023,1506.619995,112.815369,208.140625,259.890015,310.951996,3162.23999,22.280001
8/13/20,3373.429932,27896.7207,11042.5,1518.449951,114.81192,207.653061,261.299988,324.200012,3161.02002,22.129999
8/14/20,3372.850098,27931.01953,11019.29981,1507.72998,114.709602,207.852066,261.23999,330.141998,3148.02002,22.049999
8/17/20,3381.98999,27844.91016,11129.73047,1517.97998,114.41011,209.225143,261.160004,367.127991,3182.409912,21.35
8/18/20,3389.780029,27778.07031,11210.83984,1558.599976,115.363472,210.429092,262.339996,377.417999,3312.48999,21.51
8/19/20,3374.850098,27692.88086,11146.45996,1547.530029,115.508217,209.15242,262.589996,375.705994,3260.47998,22.540001
8/20/20,3385.51001,27739.73047,11264.9502,1581.75,118.071297,214.019684,269.01001,400.365997,3297.370117,22.719999
8/21/20,3397.159912,27930.33008,11311.79981,1580.420044,124.1558,212.46376,267.01001,409.996002,3284.719971,22.540001
8/24/20,3431.280029,28308.46094,11379.71973,1588.199951,125.640739,213.132004,271.390015,402.839996,3307.459961,22.370001
8/25/20,3443.620117,28248.43945,11466.46973,1608.219971,124.610016,215.904755,280.820007,404.667999,3346.48999,22.030001
8/26/20,3478.72998,28331.91992,11665.05957,1652.380005,126.304596,220.572525,303.910004,430.634003,3441.850098,23.27
8/27/20,3484.550049,28492.26953,11625.33984,1634.329956,124.794701,225.988358,293.220001,447.75,3400,24.469999
8/28/20,3508.01001,28653.86914,11695.62988,1644.410034,124.592552,228.312271,293.660004,442.679993,3401.800049,22.959999
8/31/20,3500.310059,28430.05078,11775.45996,1634.180054,128.817749,224.941086,293.200012,498.320007,3450.959961,26.41
9/1/20,3526.649902,28645.66016,11939.66992,1660.709961,133.948898,226.676559,295.440002,475.049988,3499.120117,26.120001
9/2/20,3580.840088,29100.5,12056.44043,1728.280029,131.173691,231.045105,302.5,447.369995,3531.449951,26.57
9/3/20,3455.060059,28292.73047,11458.09961,1641.839966,120.671806,216.73259,291.119995,407,3368,33.599998
9/4/20,3426.959961,28133.31055,11313.12988,1591.040039,120.751671,213.690552,282.730011,418.320007,3294.620117,30.75
9/8/20,3331.840088,27500.89063,10847.69043,1532.390015,112.625694,202.130814,271.160004,330.209991,3149.840088,31.459999
9/9/20,3398.959961,27940.4707,11141.55957,1556.959961,117.117943,210.738266,273.720001,366.279999,3268.610107,28.809999
9/10/20,3339.189941,27534.58008,10919.58984,1532.02002,113.29454,204.833725,268.089996,371.339996,3175.110107,29.709999
9/11/20,3340.969971,27665.64063,10853.54981,1520.719971,111.807106,203.497238,266.609985,372.720001,3116.219971,26.870001
9/14/20,3383.540039,27993.33008,11056.65039,1519.280029,115.161316,204.873627,266.149994,419.619995,3102.969971,25.85
9/15/20,3401.199951,27995.59961,11190.32031,1541.439941,115.341011,208.234833,272.420013,449.76001,3156.129883,25.59
9/16/20,3385.48999,28032.38086,11050.46973,1520.900024,111.936882,204.514572,263.519989,441.76001,3078.100098,26.040001
9/17/20,3357.01001,27901.98047,10910.28027,1495.530029,110.149963,202.380157,254.820007,423.429993,3008.72998,26.459999
9/18/20,3319.469971,27657.41992,10793.28027,1459.98999,106.655991,199.86673,252.529999,442.149994,2954.909912,25.83
9/21/20,3281.060059,27147.69922,10778.79981,1431.160034,109.890411,202.011124,248.149994,449.390015,2960.469971,27.780001
9/22/20,3315.570068,27288.17969,10963.63965,1465.459961,111.617432,206.878372,254.75,424.230011,3128.98999,26.860001
9/23/20,3236.919922,26763.13086,10632.99023,1415.209961,106.935509,200.066208,249.020004,380.359985,2999.860107,28.58
9/24/20,3246.590088,26815.43945,10672.26953,1428.290039,108.033615,202.659424,249.529999,387.790009,3019.790039,28.51
9/25/20,3298.459961,27173.96094,10913.55957,1444.959961,112.086624,207.277344,254.820007,407.339996,3095.129883,26.379999
9/28/20,3351.600098,27584.06055,11117.53027,1464.52002,114.762009,208.893112,256.820007,421.200012,3174.050049,26.190001
9/29/20,3335.469971,27452.66016,11085.25,1469.329956,113.893501,206.718796,261.790009,419.070007,3144.879883,26.27
9/30/20,3363,27781.69922,11167.50977,1469.599976,115.610542,209.780777,261.899994,429.01001,3148.72998,26.370001
10/1/20,3380.800049,27816.90039,11326.50977,1490.089966,116.58886,211.905228,266.630005,448.160004,3221.26001,26.700001
10/2/20,3348.419922,27682.81055,11075.01953,1458.420044,112.825348,205.651596,259.940002,415.089996,3125,27.629999
10/5/20,3408.600098,28148.64063,11332.49023,1486.02002,116.299355,209.830658,264.649994,425.679993,3199.199951,27.959999
10/6/20,3360.969971,27772.75977,11154.59961,1453.439941,112.965111,205.37233,258.660004,413.980011,3099.959961,29.48
10/7/20,3419.439941,28303.46094,11364.59961,1460.290039,114.881805,209.282089,258.119995,425.299988,3195.689941,28.059999
10/8/20,3446.830078,28425.50977,11420.98047,1485.930054,114.771988,210.030136,263.76001,425.920013,3190.550049,26.360001
10/9/20,3477.139893,28586.90039,11579.94043,1515.219971,116.768547,215.246475,264.450012,434,3286.649902,25
10/12/20,3534.219971,28837.51953,11876.25977,1569.150024,124.185753,220.821869,275.75,442.299988,3442.929932,25.07
10/13/20,3511.929932,28679.81055,11863.90039,1571.680054,120.891434,222.278061,276.140015,446.649994,3443.629883,26.07
10/14/20,3488.669922,28514,11768.73047,1568.079956,120.981277,220.283279,271.820007,461.299988,3363.709961,26.4
10/15/20,3483.340088,28494.19922,11713.87012,1559.130005,120.502106,219.086426,266.720001,448.880005,3338.649902,26.969999
10/16/20,3483.810059,28606.31055,11671.55957,1573.01001,118.81501,219.086426,265.929993,439.670013,3272.709961,27.41
10/19/20,3426.919922,28195.41992,11478.87988,1534.609985,115.780251,213.660629,261.399994,430.829987,3207.209961,29.18
10/20/20,3443.120117,28308.78906,11516.49023,1555.930054,117.307617,214.089493,267.559998,421.940002,3217.01001,29.35
10/21/20,3435.560059,28210.82031,11484.69043,1593.310059,116.668724,214.23912,278.730011,422.640015,3184.939941,28.65
10/22/20,3453.48999,28363.66016,11506.00977,1615.329956,115.550644,214.328873,278.119995,425.790009,3176.399902,28.110001
10/23/20,3465.389893,28335.57031,11548.28027,1641,114.841873,215.665375,284.790009,420.630005,3204.399902,27.549999
10/26/20,3400.969971,27685.38086,11358.94043,1590.449951,114.851852,209.531433,277.109985,420.279999,3207.040039,32.459999
10/27/20,3390.679932,27463.18945,11431.34961,1604.26001,116.399178,212.693161,283.290009,424.679993,3286.330078,33.349998
10/28/20,3271.030029,26519.94922,11004.87012,1516.619995,111.008476,202.150757,267.670013,406.019989,3162.780029,40.279999
10/29/20,3310.110107,26659.10938,11185.58984,1567.23999,115.121384,204.185425,280.829987,410.829987,3211.01001,37.59
10/30/20,3269.959961,26501.59961,10911.58984,1621.01001,108.672516,201.941315,263.109985,388.040009,3036.149902,38.02
11/2/20,3310.23999,26925.05078,10957.61035,1626.030029,108.582664,201.801666,261.359985,400.51001,3004.47998,37.130001
11/3/20,3369.159912,27480.0293,11160.57031,1650.209961,110.249794,205.890961,265.299988,423.899994,3048.409912,35.549999
11/4/20,3443.439941,27847.66016,11590.78027,1749.130005,114.752022,215.824951,287.380005,420.980011,3241.159912,29.57
11/5/20,3510.449951,28390.17969,11890.92969,1763.369995,118.824997,222.70694,294.679993,438.089996,3322,27.58
11/6/20,3509.439941,28323.40039,11895.23047,1761.75,118.690002,223.135818,293.410004,429.950012,3311.370117,24.860001
11/9/20,3550.5,29157.9707,11713.78027,1763,116.32,217.819733,278.769989,421.26001,3143.73999,25.75
11/10/20,3545.530029,29420.91992,11553.86035,1740.390015,115.970001,210.459,272.429993,410.359985,3035.02002,24.799999
11/11/20,3572.659912,29397.63086,11786.42969,1752.709961,119.489998,215.984543,276.480011,417.130005,3137.389893,23.450001
11/12/20,3537.01001,29080.16992,11709.58984,1749.839966,119.209999,214.877441,275.079987,411.76001,3110.280029,25.35
11/13/20,3585.149902,29479.81055,11829.29004,1777.02002,119.260002,215.944641,276.950012,408.5,3128.810059,23.1
11/16/20,3626.909912,29950.43945,11924.12988,1781.380005,120.300003,216.662766,278.959991,408.089996,3131.060059,22.450001
11/17/20,3609.530029,29783.34961,11899.33984,1770.150024,119.389999,213.900009,275,441.609985,3135.659912,22.709999
11/18/20,3567.790039,29438.41992,11801.59961,1746.780029,118.029999,211.080002,271.970001,486.640015,3105.459961,23.84
11/19/20,3581.870117,29483.23047,11904.70996,1763.920044,118.639999,212.419998,272.940002,499.269989,3117.02002,23.110001
11/20/20,3557.540039,29263.48047,11854.96973,1742.189941,117.339996,210.389999,269.700012,489.609985,3099.399902,23.700001
11/23/20,3577.590088,29591.26953,11880.62988,1734.859985,113.849998,210.110001,268.429993,521.849976,3098.389893,22.66